,count
yeah,1556
hey,1030
fuck,457
up,285
the,268
bitch,241
flow,214
my,203
you,198
game,138
and,106
vibe,86
night,81
gun,79
drip,77
mucho,75
money,75
nah,74
ye,73
nigga,72
follow,72
it,69
fly,65
babe,63
okay,60
caba,60
is,59
know,59
bitches,58
ice,58
jj,58
hennessy,57
sky,56
get,56
hood,55
check,55
turn,53
all,52
block,50
red,49
mic,48
god,47
ooh,47
down,46
peace,46
team,44
so,44
elvis,44
blaze,43
don't,43
of,42
niggas,42
i'm,41
pussy,41
fake,40
fans,39
friends,38
side,38
name,38
cops,37
swag,37
it's,37
squad,37
beat,36
crew,36
easy,36
your,36
chico,35
dead,35
way,35
away,35
cut,35
some,35
gangsta,35
lucky,35
level,35
flex,34
what,34
that,34
just,33
shine,33
we,33
chen,33
ganja,32
homer,31
slide,31
gyal,31
fucking,30
entertain,30
thug,30
rait,30
juninho,29
hallelujah,29
fame,29
feat,29
bella,28
ain't,28
hand,28
day,28
ja,27
got,27
fucked,27
right,26
wa,26
henny,25
gimme,25
under,25
track,25
badman,24
oho,24
rocking,23
hin,23
zed,23
sorry,22
wavy,22
trap,22
with,22
fakes,22
whine,21
jump,21
lunatic,21
masters,21
racks,21
everyday,21
days,20
flows,20
cb,20
uh,20
there,20
freedom,20
bling,20
kill,19
hasta,19
shut,19
simba,19
blunt,19
showcase,19
every,19
hoes,18
adios,18
wo,18
featuring,18
pow,18
philly,18
mood,18
party,18
woke,18
juice,18
bounce,18
never,17
zin,17
iphone,17
sosa,17
he,17
snow,17
mayday,17
chica,17
prods,17
when,17
hills,17
states,16
next,16
awa,16
vista,16
orel,16
gos,16
better,16
busy,16
shoes,16
kin,16
od,16
fashion,16
they,16
story,15
fight,15
stone,15
dream,15
these,15
damn,15
everything,15
smoke,15
biggie,14
shooters,14
think,14
dinos,14
chill,14
blow,14
come,14
bullshitter,14
sugar,14
how,14
her,14
paradise,14
wasn't,14
zins,14
real,14
dd,14
ga,14
say,14
bro,13
wire,13
rs,13
doggy,13
leticia,13
vibes,13
hutch,13
blue,13
from,13
thighs,13
arriba,13
katrina,13
corleone,13
plug,13
aka,13
hipsters,13
cheese,13
dices,13
snap,13
ass,13
calling,13
tn,12
iblis,12
cr,12
click,12
our,12
godzilla,12
occas,12
seven,12
press,12
here,12
dineros,12
gater,12
yellow,12
selfies,12
keep,12
macarena,12
only,12
blazes,12
hits,12
slay,12
eyes,12
janis,12
guns,12
columbine,12
lv,11
i'll,11
fire,11
di,11
cup,11
death,11
playstation,11
loca,11
week,11
pecs,11
ll,11
amor,11
lean,11
gillette,11
sip,11
run,11
gyro,11
haters,10
rooftop,10
obs,10
torino,10
aliens,10
middle,10
two,10
lala,10
moves,10
movie,10
phantom,10
sex,10
pay,10
vroom,10
please,10
sanka,10
perfect,10
welcome,10
grinder,10
amigo,10
diam's,9
rolls,9
number,9
why,9
goose,9
strip,9
streams,9
mak,9
mouth,9
euphon,9
want,9
hash,9
peaky,9
freeze,9
soss,9
lonely,9
seventeen,9
del,9
charts,9
followers,9
coachella,9
was,9
banks,9
emoji,9
infos,9
lyrical,9
let's,9
cello,8
likes,8
critical,8
bim,8
wig,8
bank,8
feel,8
oakley,8
north,8
raps,8
showcases,8
bpm,8
furious,8
blood,8
naughty,8
lemonade,8
fufus,8
hm,8
yams,8
plaza,8
balenciaga,8
win,8
suck,8
kamas,8
pasta,8
compton,8
o'clock,8
kitchen,8
wiz,8
mad,8
dirty,8
need,8
make,8
clarks,8
deep,8
too,8
belly,8
rip,7
skunk,7
paki,7
ever,7
chest,7
cop,7
where,7
chick,7
finger,7
soy,7
sabe,7
eden,7
motherfucking,7
prado,7
laden,7
school,7
enemy,7
pen,7
then,7
tit,7
alright,7
honey,7
mean,7
beats,7
pixels,7
booty,7
manos,7
over,7
dp,7
many,7
window,7
wesson,7
loud,7
mom,7
shalom,7
find,7
friday,7
gangstas,7
batman,7
locos,7
little,7
sheesh,7
soon,7
matrix,7
pistol,7
playa,7
narcos,7
stronger,7
call,7
sweet,6
def,6
eagle,6
til,6
lobber,6
flem,6
widow,6
you're,6
bust,6
havana,6
shall,6
listen,6
jab,6
take,6
flag,6
headshot,6
blessed,6
skills,6
whole,6
kkk,6
middles,6
happy,6
remember,6
together,6
saturn,6
sim,6
nazes,6
yeh,6
gotham,6
famous,6
see,6
feats,6
tox,6
varnish,6
landers,6
daredevil,6
price,6
casper,6
corbeil,6
always,6
weekend,6
bounces,6
desert,6
crews,6
pimp,6
per,6
wili,6
wanted,6
freaky,6
keys,6
aqua,6
kid,6
pd,6
backs,6
smile,6
bless,6
dee,6
sinaloa,6
boo,6
dew,6
xs,6
kore,6
lifted,6
italia,6
eagles,6
shots,5
fry,5
into,5
flowers,5
system,5
killers,5
fons,5
diddy,5
clout,5
enemies,5
chaines,5
ghostwriter,5
class,5
ask,5
bankable,5
malo,5
thc,5
fah,5
stats,5
rm,5
wanna,5
guest,5
ki,5
motherfuckers,5
shadow,5
shekels,5
stamina,5
pink,5
vito,5
posse,5
efforce,5
than,5
alisha,5
vici,5
gates,5
give,5
era,5
bag,5
map,5
supersound,5
natty,5
now,5
inside,5
jenner,5
tisha,5
deus,5
suv,5
acting,5
nitro,5
pec,5
walker,5
very,5
still,5
heineken,5
um,5
mother,5
smokes,5
mass,5
cobain,5
boob's,5
pocket,5
bigger,5
pax,5
fatality,5
hagar,5
chain,5
squeeze,5
cain,5
freestyles,5
going,5
rocky,5
levi's,5
bismillah,5
malibu,5
guantanamo,5
truth,5
gout,5
locks,5
noxious,5
yoda,5
grey,5
casio,5
hoodie,5
bay,5
am,5
cheat,4
jetpack,4
charas,4
nas,4
power,4
cruise,4
tang,4
wawa,4
mendoza,4
alone,4
shake,4
querida,4
that's,4
peps,4
row,4
huh,4
punchlines,4
xn,4
war,4
blanco,4
capone,4
myself,4
dilemma,4
closer,4
blade,4
searching,4
screens,4
capo,4
tarantino,4
proc,4
nudes,4
monopoly,4
danced,4
wann,4
crips,4
murder,4
paid,4
cream,4
sunday,4
trade,4
follows,4
again,4
him,4
lose,4
wiley,4
sometimes,4
technology,4
first,4
cole,4
sal,4
else,4
gotta,4
push,4
cardio,4
daddy,4
kra,4
crop,4
olympia,4
chicken,4
banger,4
flip,4
cassel,4
what's,4
pampers,4
hands,4
crossover,4
oy,4
forever,4
watch,4
tres,4
loose,4
sup,4
crystal,4
kids,4
ultimate,4
corsica,4
old,4
yourself,4
pavin,4
angels,4
ons,4
ocean,4
dar,4
daniels,4
navy,4
cojones,4
jr,4
road,4
gp,4
magic,4
rest,4
trunks,4
goddamn,4
moonwalk,4
key,4
move,4
snitch,4
rookie,4
snipes,4
beach,4
g's,4
locked,4
mommy,4
stay,4
delete,4
family,4
raptor,4
contouring,4
bend,4
screen,4
should,4
sloppy,4
vixens,4
whip,4
gab,4
trainer,4
dunk,4
nobody,4
tracks,4
carjacking,4
pit,4
benson,3
flopper,3
coming,3
combos,3
shifted,3
asap,3
could,3
meno,3
winner,3
deni,3
gimmicks,3
jean's,3
shy,3
hate,3
dough,3
roms,3
we're,3
chichas,3
dita,3
mister,3
pap,3
billboard,3
lips,3
balls,3
backwoods,3
plugs,3
quads,3
haze,3
skoda,3
everybody,3
wali,3
ninjas,3
stunt,3
groover,3
taste,3
read,3
belvedere,3
perry,3
reese,3
houdini,3
comm,3
dog,3
nothing,3
yay,3
gifted,3
repeat,3
already,3
supreme,3
rollers,3
fist,3
hiya,3
duracell,3
tana,3
neg,3
kinder,3
quality,3
sabers,3
banzai,3
capitol,3
valhalla,3
extinct,3
bomb,3
ahh,3
zines,3
moving,3
proof,3
fares,3
locker,3
any,3
saltos,3
mase,3
wack,3
nuggets,3
nevermind,3
johnnie,3
migrants,3
said,3
zippo,3
maracas,3
chinese,3
used,3
kalashnikov,3
kendall,3
genius,3
demo,3
bolos,3
guilty,3
work,3
sully,3
dep,3
palm,3
cell,3
res,3
petra,3
fresh,3
armani,3
three,3
katas,3
leave,3
stuff,3
rum,3
try,3
pac,3
maradona,3
mega,3
rolling,3
banana,3
stalker,3
como,3
flashback,3
lopez,3
checker,3
chop,3
bolo,3
dir,3
neighborhood,3
zelda,3
higher,3
mvp,3
tanto,3
tyson,3
wine,3
might,3
festina,3
zorro,3
tea,3
found,3
laptop,3
kirby,3
pasadena,3
escort,3
five,3
monkey,3
cools,3
tempt,3
barksdale,3
sunset,3
gasoline,3
lines,3
picture,3
hoover,3
classic,3
choco,3
another,3
switching,3
understand,3
romeo,3
prayer,3
tweets,3
mano,3
nowadays,3
boobs,3
ago,3
civ,3
padre,3
tyer,3
holiday,3
gigi,3
burberry,3
wandering,3
thugs,3
tarter,3
hp,3
chiller,3
rec,3
catering,3
killer,3
doing,3
pang,3
eleven,3
nude,3
gas,3
thing,3
room,3
motherfucker,3
pe,3
raw,3
marlon,3
dodge,3
sleep,3
arena,3
peru,3
snatch,2
hold,2
elephant,2
maybe,2
wish,2
purple,2
celtics,2
snare,2
tai,2
dad,2
dolls,2
chevy,2
rr,2
caller,2
terma,2
song,2
gee,2
nam,2
mud,2
mae,2
decathlon,2
foy,2
grind,2
swear,2
facts,2
viper,2
corners,2
viva,2
safe,2
hollow,2
co,2
andale,2
hole,2
reverb,2
pes,2
heat,2
beast,2
gam,2
entertainment,2
mcleod,2
parker,2
cone,2
skip,2
feater,2
size,2
garcon,2
tenet,2
che,2
draco,2
resident,2
supp,2
stories,2
activity,2
quick,2
negative,2
model,2
terminator,2
bodyguard,2
swish,2
caliente,2
madonna,2
whitaker,2
tried,2
galaxy,2
scale,2
pills,2
ideal,2
evil,2
rambo,2
cds,2
moon,2
oj,2
punto,2
galvin,2
sch,2
pogos,2
fifty,2
traffic,2
caro,2
shaking,2
coast,2
wings,2
gorilla,2
above,2
stream,2
pavarotti,2
ty,2
abbes,2
wide,2
list,2
doctor,2
benny,2
indies,2
doss,2
bands,2
orleans,2
started,2
amnesia,2
bike,2
cs,2
birthday,2
knight,2
board,2
holla,2
venom,2
blocks,2
piece,2
teens,2
connection,2
sixteen,2
spaceship,2
since,2
dabs,2
hoe,2
addictions,2
philipp,2
mendes,2
millionaire,2
xp,2
ich,2
tips,2
milf,2
visto,2
leg,2
company,2
whines,2
guerrero,2
beatbox,2
physio,2
mamas,2
feeble,2
arrivederci,2
wolverine,2
freddie,2
dirt,2
book,2
bastard,2
link,2
drones,2
showbiz,2
bronson,2
hours,2
carbo,2
weekends,2
ting,2
automatic,2
timberland,2
undercover,2
getting,2
rookies,2
seal,2
wave,2
gar,2
metro,2
bros,2
gaming,2
spears,2
scars,2
calendar,2
strasses,2
comanche,2
shone,2
libra,2
copacabana,2
leaker,2
even,2
clit,2
fufu,2
ninety,2
goat,2
representing,2
steady,2
amigos,2
brinks,2
tens,2
meth,2
junkies,2
while,2
stringer,2
ashanti,2
drunk,2
marriage,2
pits,2
rc,2
fish,2
friend,2
seen,2
bugatti,2
zero,2
which,2
kebabs,2
wear,2
gateau,2
who's,2
bodyguards,2
gangbang,2
sundance,2
bayern,2
snakes,2
acadian,2
dramas,2
mall,2
raptors,2
burns,2
geo,2
belt,2
kiss,2
bade,2
gossips,2
yeuks,2
boogie,2
ginks,2
conquistadors,2
leak,2
battles,2
shop,2
bunk,2
backwood,2
takes,2
ff,2
last,2
bosh,2
chita,2
buddha,2
poppers,2
wee,2
ef,2
apes,2
bs,2
however,2
reebok,2
ghost,2
done,2
bueno,2
shout,2
stickers,2
camo,2
nara,2
pm,2
mashallah,2
saying,2
ar,2
lights,2
spoil,2
alcatraz,2
lockdown,2
tomtom,2
being,2
wrong,2
flat,2
event,2
rotter,2
hendrix,2
marcelino,2
airport,2
swinge,2
khaf,2
marley,2
bolt,2
meek,2
lost,2
much,2
marriott,2
wild,2
soum,2
hill,2
who,2
things,2
dem,2
cheesy,2
medusa,2
wet,2
daft,2
lamar,2
chakras,2
kb,2
wacks,2
control,2
porn,2
hustle,2
santos,2
sixers,2
jefes,2
candy,2
atmosphere,2
copperfield,2
tikka,2
backpacker,2
heavy,2
contenders,2
loss,2
vv,2
fall,2
gad,2
django,2
papaya,2
spicy,2
pix,2
roll,2
league,2
tap,2
i've,2
bitcoins,2
scoot,2
late,2
tlc,2
law,2
straight,2
called,2
kodak,2
daniel's,2
meal,2
evite,2
dobby,2
sportswear,2
woodstock,2
bass,2
smoker,2
would,2
clothes,2
bieber,2
kind,2
perched,2
dc,2
india,2
md,2
napoli,2
gonna,2
popeye,2
culpa,2
cable,2
duck,2
walk,2
kiri,2
tuna,2
bam,2
hater,2
milfs,2
crypto,2
abys,2
jonah,2
siri,2
phelps,2
cooking,2
samples,2
grams,2
awesome,2
papers,2
blessing,2
micky,1
market,1
hugs,1
devil,1
snapper,1
arty,1
sp,1
snaps,1
dex,1
bin,1
honor,1
combined,1
marlboro,1
ming,1
onion,1
montgomery,1
loner,1
addicts,1
something's,1
emcees,1
coleta,1
generation,1
babysitter,1
wrap,1
diplomats,1
avocado,1
sleepy,1
joes,1
backpack,1
symbol,1
tich,1
before,1
medlar,1
conor,1
benidorm,1
cities,1
member,1
hippo,1
feed,1
frazier,1
mountain,1
stamford,1
rt,1
wick,1
redskins,1
practice,1
sitcoms,1
predator,1
shen,1
streets,1
sick,1
taj,1
ices,1
threesome,1
you've,1
peanuts,1
coaster,1
cara,1
lake,1
babies,1
griselda,1
ebay,1
naked,1
everywhere,1
vocab,1
waly,1
crush,1
navig,1
vanilla,1
deter,1
stallone,1
flare,1
shark,1
bryson,1
golems,1
bottega,1
assad,1
coliseum,1
charleys,1
flak,1
goons,1
scorsese,1
babi,1
known,1
zion,1
thumb,1
unless,1
meme,1
signorina,1
playoffs,1
quina,1
sten,1
ouija,1
fairy,1
vel,1
jordan's,1
keyser,1
cayman,1
patagonia,1
troop,1
screenshots,1
words,1
scope,1
blackberry,1
grammy,1
grab,1
uncle,1
gate,1
soundtrack,1
hightop,1
jabber,1
stacks,1
scroll,1
lane,1
peacoat,1
wasted,1
vanquish,1
sideway,1
mentality,1
hawk,1
holes,1
maxis,1
veneta,1
cantona,1
ml,1
fellas,1
machiavelli,1
karate,1
hefner,1
pump,1
massilia,1
edo,1
energy,1
mani,1
italy,1
trackpad,1
gif,1
politico,1
diem,1
regular,1
deco,1
fuentes,1
falla,1
tracker,1
collect,1
eli,1
cig,1
pilatus,1
charley,1
cigs,1
van's,1
genesis,1
combs,1
karin,1
dou,1
nat,1
state,1
tinder,1
creed,1
comate,1
sango,1
propale,1
water,1
dams,1
bloody,1
losing,1
diner,1
sabes,1
hospitalet,1
wife,1
lumumba,1
battling,1
glasses,1
bullets,1
nineteen,1
sonic,1
hearts,1
players,1
hundred,1
faking,1
limbo,1
coms,1
mic's,1
glover,1
shiny,1
kob,1
thrasher,1
belongings,1
bags,1
thick,1
jedi,1
dexter,1
kepis,1
dong,1
props,1
bee,1
dalai,1
ster,1
pass,1
starting,1
salta,1
did,1
prodigy,1
enjoy,1
breakers,1
guinness,1
daily,1
infamous,1
abused,1
less,1
frost,1
mccall,1
shady,1
tl,1
keef,1
cute,1
fe,1
touchdown,1
comments,1
swisher,1
fulham,1
shopper,1
juicy,1
appeal,1
pase,1
sensei,1
etcetera,1
scuse,1
sheldon,1
snitches,1
disrespect,1
dorse,1
drift,1
throwing,1
shay,1
za,1
clam's,1
chan,1
vivienne,1
hancock,1
bucks,1
tattoos,1
felix,1
captain,1
quickly,1
warrior,1
bowie,1
techs,1
drummond,1
simpsons,1
madness,1
masterpiece,1
doll's,1
vietcong,1
interim,1
brexit,1
radisson,1
ventura,1
att,1
goodbye,1
bitchy,1
bunch,1
nymphos,1
fringe,1
burn,1
burb,1
bowser,1
access,1
cyborgs,1
milkshake,1
overseas,1
cabler,1
reggie,1
touch,1
really,1
och,1
crazy,1
glamours,1
girlfriend,1
supernovas,1
chipmunks,1
bring,1
ocean's,1
jena,1
nigga's,1
slugs,1
maker,1
sailor,1
twang,1
sai,1
balboa,1
cardi,1
bugs,1
bloods,1
worst,1
scud,1
chateau,1
forrest,1
chaplin,1
gold,1
dressed,1
startings,1
backyard,1
bloodsport,1
gump,1
showtime,1
calabasas,1
mem's,1
ea,1
reality,1
claiming,1
mand,1
bima,1
fridge,1
herman,1
guerrilla,1
views,1
maxim,1
wash,1
dashiki,1
nero,1
legend,1
raf,1
guadalupe,1
follower,1
hating,1
moroni,1
chaine,1
bed,1
roots,1
indics,1
cvs,1
moro,1
morning,1
periods,1
runner,1
coat,1
avengers,1
juiced,1
sawyer,1
irrational,1
having,1
grizzlies,1
strips,1
goldwyn,1
quincy,1
jag,1
should've,1
paddle,1
brussels,1
schooling,1
gelato,1
quicksilver,1
phat,1
kaka,1
ragga,1
kop,1
leaves,1
beasties,1
hilton,1
mcqueen,1
nala,1
jass,1
silver,1
shrek,1
jolly,1
bother,1
snipe,1
rushing,1
mykonos,1
understands,1
entertainers,1
fried,1
middleton,1
highway,1
plazas,1
smiles,1
stack,1
nights,1
quest,1
nbc,1
socks,1
goree,1
droopy,1
djin,1
ramos,1
told,1
can't,1
streamings,1
krang,1
ronin,1
salute,1
aryans,1
mercury,1
toko,1
spinner,1
flute,1
mercy,1
leonard,1
dyson,1
hardcores,1
through,1
looser,1
bake,1
quesadillas,1
seizes,1
costner,1
doom,1
ocas,1
shooting,1
staring,1
sheep,1
hologram,1
kendrick,1
hair,1
marvel,1
subaru,1
jefe,1
dixon,1
umbrella,1
poco,1
lemon,1
liar,1
hoy,1
verda,1
risk,1
orcas,1
dice,1
texts,1
rohypnols,1
bud,1
cate,1
dat,1
ozark,1
eats,1
limit,1
paper,1
bale,1
davidson,1
circles,1
brink's,1
shook,1
odom,1
fala,1
cardios,1
ferber,1
waking,1
micah,1
anatomy,1
rally,1
avs,1
taka,1
carjack,1
fizz,1
shield,1
space,1
november,1
burna,1
sanders,1
spike,1
sub,1
hotel,1
floor,1
egotrip,1
farmer,1
teflons,1
monk,1
speak,1
sparrow,1
llama,1
tower,1
problem,1
inspired,1
saw,1
snoopy,1
skincare,1
camel,1
rabbit,1
chiquita,1
rep,1
fab,1
nyc,1
shuffle,1
mane,1
joke,1
connors,1
bn,1
punisher,1
tabatha,1
reset,1
nastase,1
stones,1
his,1
mdma,1
blogs,1
csc,1
jackass,1
enjoyed,1
ratchet,1
cover,1
llamas,1
shops,1
ox,1
submariner,1
longchamps,1
lag,1
ellis,1
piggy,1
entrainement,1
cuatro,1
mache,1
gees,1
sinatra,1
auber,1
stoner,1
masai,1
behind,1
kattegat,1
dig,1
tamagotchi,1
such,1
eff,1
sapper,1
phoner,1
gonzalo,1
cheetah,1
needs,1
matter,1
latinas,1
sonics,1
cost,1
santana,1
oye,1
blacklist,1
mayor,1
boyfriend,1
wrist,1
doubt,1
mothers,1
hidden,1
anyway,1
seems,1
bucket,1
bourne,1
something,1
sachs,1
looking,1
huskies,1
talking,1
freelance,1
pocahontas,1
posey,1
vixen,1
feelings,1
struggle,1
vector,1
fum,1
went,1
fortis,1
agnes,1
shootings,1
covers,1
lead,1
duty,1
gatsby,1
everyone,1
disk,1
redemption,1
bodybuilder,1
broke,1
roven,1
undefeated,1
gandalf,1
blunts,1
blackout,1
freeway,1
ratus,1
tequilla,1
itunes,1
tighten,1
without,1
interstellar,1
putin,1
strength,1
selection,1
hungry,1
serious,1
santa,1
lotto,1
nubians,1
gs,1
forty,1
imbeciles,1
bunny,1
gelati,1
sasa,1
bambino,1
darling,1
ops,1
eminem,1
pitt,1
vocals,1
sheriff,1
east,1
blackbird,1
chief,1
waiting,1
mtv,1
kill's,1
sticky,1
chicos,1
hesitate,1
tuck,1
medal,1
douc,1
toes,1
btw,1
havoc,1
strawberry,1
oversize,1
nineties,1
leto,1
bra,1
brings,1
dm's,1
nosferatu,1
life's,1
scar,1
muslims,1
south,1
cancun,1
circle,1
recognize,1
fashions,1
woodpecker,1
signs,1
prozac,1
loot,1
fate,1
amex,1
backer,1
pick,1
hypo,1
birthdays,1
hazard,1
society,1
basically,1
nek,1
marmalade,1
moe,1
twa,1
negro,1
serial,1
physios,1
tropics,1
idea,1
splinter,1
hooked,1
pg,1
travolta,1
babylon,1
strange,1
tame,1
flamingo,1
cheeky,1
gyals,1
om,1
avenger,1
galliano,1
orcs,1
year,1
wal,1
slater,1
twice,1
zapata,1
kurtz,1
roster,1
pech,1
boobies,1
apres,1
mosey,1
bigos,1
dabber,1
gen,1
beamer,1
gear,1
missing,1
wonder,1
ammonia,1
frolics,1
ping,1
comates,1
peel,1
believe,1
playmates,1
leds,1
convicted,1
kets,1
nba,1
vanish,1
spiderman,1
boomers,1
joinville,1
miny,1
ones,1
concrete,1
grammys,1
fps,1
trophy,1
battlefield,1
crim,1
kingpin,1
enigma,1
dreadlocks,1
burton,1
lifestyle,1
skinheads,1
knowledge,1
vivacity,1
bahama,1
lomu,1
crenshaw,1
aladdin,1
emojis,1
sea,1
holy,1
holidays,1
calabrese,1
tenth,1
goonies,1
wellness,1
prometheus,1
escorts,1
ten,1
rebels,1
kama,1
waxer,1
brasil,1
payday,1
goes,1
yoyo,1
navarro,1
california,1
assoc,1
farm,1
glory,1
mayer,1
partner,1
limen,1
talk,1
flexes,1
head,1
execution,1
obsessed,1
hulk,1
years,1
expos,1
history,1
bone,1
setup,1
israel,1
supermarket,1
fruity,1
goldman,1
bleach,1
booker,1
carmelo,1
mam's,1
disc,1
charenton,1
leads,1
sm,1
gigas,1
iguana,1
dude,1
electron,1
rise,1
mind,1
wana,1
salazar,1
reconfigure,1
claro,1
kicked,1
munches,1
manpower,1
olsen,1
ste,1
sabah,1
following,1
tophs,1
costar,1
carpet,1
capellini,1
blatter,1
wha,1
loops,1
peaces,1
aff,1
yao,1
darkness,1
dress,1
you'll,1
wood,1
starr,1
rollo,1
heroes,1
dessalines,1
warn,1
weren't,1
kati,1
pepsi,1
carey,1
civic,1
buy,1
bear,1
sax,1
eye,1
beta,1
barrow,1
clientele,1
ep,1
sad,1
knew,1
hula,1
shift,1
bought,1
gizmos,1
swagger,1
emotions,1
vultures,1
savage,1
jukebox,1
glitches,1
diamond,1
hackers,1
picking,1
tools,1
prot,1
amistad,1
ben's,1
comes,1
bane,1
youth,1
sopra,1
thousand,1
deadline,1
foxtrot,1
mamma,1
bins,1
toff,1
guiding,1
klan,1
classico,1
hoop,1
kite,1
conjuring,1
ensure,1
ra's,1
nivea,1
parody,1
barbusse,1
colors,1
twin,1
equilibrium,1
dmt,1
sound,1
dec,1
both,1
crossovers,1
gillie,1
lakshmi,1
giro,1
sig's,1
citizen,1
somewhere,1
guys,1
speedboat,1
mhd,1
pew,1
mask,1
bavon,1
sneakers,1
conde,1
ka,1
slr,1
stitch,1
pepper,1
croutes,1
hero,1
segway,1
grey's,1
goldeneye,1
craps,1
true,1
grabbed,1
spinners,1
jin,1
food,1
ck,1
dlo,1
bootlegs,1
flanger,1
ghosts,1
piss,1
plantin,1
callaghan,1
tally,1
airplay,1
owens,1
bootleg,1
rodriguez,1
trapped,1
dunker,1
bugger,1
worry,1
swan,1
motown,1
pseudos,1
threw,1
worth,1
buns,1
them,1
eph,1
woo,1
dover,1
professor,1
benoit,1
mokos,1
anta,1
ios,1
peterson,1
mp,1
mantras,1
lags,1
twenty,1
cease,1
skinny,1
skittles,1
funny,1
cody,1
stake,1
pets,1
ashton,1
bur,1
mk,1
around,1
inuits,1
edberg,1
hide,1
zodiacs,1
dedication,1
rape,1
fendy,1
jaws,1
brock,1
universal,1
boko,1
rooster,1
shelf,1
carlton,1
beef,1
elton,1
rises,1
archie,1
intrusive,1
thousands,1
stead,1
usual,1
backgrounds,1
iss,1
amin,1
magnifico,1
happened,1
ingle,1
phuket,1
juke,1
remate,1
delay,1
elliott,1
knife,1
whites,1
sims,1
scam,1
velar,1
echo,1
nfl,1
crowds,1
birdies,1
lexington,1
taking,1
alchemist,1
bi,1
blowjob,1
leather,1
arrah,1
lingo,1
weirdo,1
limo,1
wouldn't,1
she,1
spoon,1
fellow,1
tribe,1
piercings,1
nix,1
salt,1
designers,1
huge,1
loaf,1
moonrock,1
fringing,1
favor,1
tical,1
protector,1
upload,1
repost,1
decide,1
eating,1
pernell,1
bifrost,1
osha,1
aw,1
villiers,1
metal,1
hypnotic,1
cheerios,1
keno,1
ipod,1
retweets,1
amaru,1
deg,1
cowboys,1
giga,1
kosovars,1
thrill,1
jetpacks,1
az,1
lao,1
twins,1
may,1
