,count
yah,267
binks,266
biff,260
wesh,227
p'tit,205
poto,195
keufs,183
p'tits,137
bendo,116
wow,116
igo,102
ola,102
wouh,101
tieks,98
gucci,92
tah,90
kalash,89
gue-dro,87
vant,86
potos,85
brr,85
og,85
sku,84
tosma,82
woh,80
daronne,77
woah,76
bendero,76
mula,75
seum,66
rah,65
bicrave,64
fonce-dé,64
meufs,63
v'-esqui,62
bédo,62
milli,62
mc,62
p't-être,60
kichta,60
bre-som,60
gamos,60
paw,58
noche,58
el,57
handek,57
p'tite,57
mif,56
kiffe,56
pah,56
izi,55
niquage,54
kho,54
taga,52
spliff,52
crick,52
reuf,51
mmh,51
chang,50
deux-trois,50
biz,48
wallah,47
b'soin,46
uzi,44
poucaves,44
poh,44
piou,44
ients-cli,44
rrain-té,44
khaliss,44
renoi,43
té-ci,43
versace,42
f'rais,42
baraude,42
t-max,42
lim,42
muerte,41
hella,41
plata,41
encule,41
woof,41
merco,40
paro,40
reufs,39
mythos,38
khapta,38
inspi,37
khoya,35
hamdoulah,35
pe-ra,35
ouuuh,35
bif,35
ounga,34
belek,34
mala,34
tier-quar,34
instru,34
fefe,34
odc,33
roro,33
gov,32
parthuuh,32
khey,32
tass,32
yaw,32
bizz,31
gazo,31
fendi,31
lo,31
rolex,31
bellek,31
comico,30
bigo,30
mojo,30
capuché,30
ouai,30
inch'allah,30
jul,29
teh,29
stud,29
kush,29
déter,29
pscht,28
djomb,28
p'tites,28
dems,28
bon-char,28
dis-leur,28
poucave,27
est-c'que,27
tits-pe,27
sacem,27
charo,27
ándale,27
biatch,27
poropop,27
stup,26
rrain-te,26
ouh-ouh-ouh,26
salam,26
sheitan,26
té-ma,26
ak,26
fuego,26
sheguey,26
pétou,26
pédés,25
grr,25
yakalelo,25
ppe-fra,25
braquo,25
maes,25
v'là,25
mathafack,25
ap,25
pa-pa-pa,24
tel-hô,24
hass,24
wess,24
hebs,24
buzze,24
oh-oh,24
tit-pe,23
lossa,23
tou,23
dz,23
cess,23
audemars,22
olala,22
te-tê,22
miff,22
bando,22
aventador,22
halla,22
zdeh,22
khabat,22
kiffé,22
vi-ser,22
fouiny,21
p't'être,21
v'nu,21
koba,21
peuf,21
bx,21
sère-mi,21
brolique,21
tchoin,21
hayce,21
plavon,21
te-shi,21
traine,21
diff,20
sé,20
bédave,20
da-da,20
khalass,20
ekip,20
ter-ter,20
manny,20
cocaïna,20
opj,20
loc,20
zik,20
skch,20
gauche-droite,20
pankani,20
midi-minuit,20
féfé,20
pét,19
plomo,19
dybala,19
tchin,19
insta,19
ient-cli,19
puta,19
dicidens,19
seille-o,19
maint'nant,19
kiff,19
ze-ze-ze-ze-ze-ze,18
papel,18
a-a-a-a-a-a,18
menotté,18
concu,18
raclis,18
moulaga,18
popo,18
pway,18
cœurs,18
tard-pé,18
béné,18
schneck,18
yuh,18
lambo,18
millé,18
oim,18
oi-m,18
sefyuuu,18
daronnes,18
balmain,17
galéré,17
zangief,17
rafaler,17
f'ra,17
bm,17
oulalalala,17
shtar,17
bin-binks,17
damso,17
belve,17
ahou,17
x-men,17
woaw,17
cagoulés,17
khos,17
cellophanée,17
gé-chan,17
pso,17
ju-ju-jul,17
shke,16
be-her,16
pécho,16
rohff,16
calle,16
amné,16
bangers,16
ber-tom,16
ha-hamdoulah,16
merdé,16
kietu,16
blèmes,16
bé-tom,16
heuss,16
ous-s,15
transac,15
blèmes-pro,15
bilel,15
broliqué,15
talbins,15
uer-t,15
babygirl,15
mes-ar,15
tchop,15
mwaka,15
bakel,15
survêt,15
duris,15
shmits,15
zang,15
a-s-b,15
ne-jau,14
vatos,14
ste-po,14
baw,14
booba,14
ler-dea,14
mowgli,14
opé,14
lacrim,14
darons,14
rodave,14
rari,14
re-frè,14
le-sa,14
as-p,14
sonne-per,14
bumpa,14
est-c'qu'il,14
walou,14
doobie,14
askip,14
dinero,14
zipette,14
est-c'qu'elle,14
couz,14
laud-sa,14
aujourd,14
twerkes,13
despi,13
kala,13
gla,13
gova,13
shkegang,13
hamdoullah,13
amg,13
sse-lia,13
niquez,13
ppe-f,13
goyard,13
niaks,13
cavu,13
bonhommes,13
madrina,13
schmits,13
boulbi,13
houssen,13
est-c,13
gadjis,13
yougataga,13
kiffent,13
tte-cha,13
tierquar,13
de-mer,12
fréro,12
kalli,12
schnek,12
khenez,12
hmmm,12
a-fais,12
kalashé,12
zifu,12
umh,12
son-pri,12
patins,12
nien,12
bitchs,12
nananana,12
diez,12
tôt-tôt-tôt,12
teuch,12
ohoh,12
kaaris,12
gangnam,12
baltringues,12
garde-à-v,12
té-cô,12
tôt-tôt-tôt-tôt,12
v'la,12
indé,12
à-l,12
por,12
zé,12
bruxelles-bruxelles,12
ta-ta-ta,12
benzo,12
grikitibang,12
envole,12
koro,12
ouais-ouais,12
enculés,12
sbah,11
mesrine,11
gestu,11
beleck,11
boca,11
rain-té,11
bres-som,11
tchi,11
vi-sser,11
saucegod,11
braco,11
pote-ca,11
deuspi,11
pénave,11
hagra,11
veau-cer,11
saal,11
sefyu,11
charbonneur,11
grinta,11
meuda,11
fimbis,11
tasses-pé,11
rimkus,11
ce-vi,11
asics,11
r'garde,11
rotte-ca,11
re-pu,11
stenda,11
ne-zo,11
nou,11
popopopop,11
onizuka,11
pe-pom,11
miskine,11
re-fré,11
lov,10
leurs-dea,10
aah,10
ger-char,10
pgp,10
ue-r,10
lalala,10
poucav,10
rebeus,10
zèbe,10
temps-ci,10
dealé,10
babyboy,10
tt,10
shtars,10
kiffes,10
gé-char,10
ves-qui,10
sah,10
ce-pla,10
card-pla,10
cro-mi,10
wari,10
re-star,10
zoogataga,10
brulux,10
condi,10
perquis,10
teuchi,10
denzo,10
chaudasses,10
bacqueux,10
tej,10
bou-bou-bou-bou,10
dem's,10
pélo,10
lorsqu'on,10
cheum,10
shab,10
parc'que,10
llets-bi,10
palpal,10
pnl,10
reufrés,10
zeb,10
drive-by,10
vesqui,10
v'nir,10
reufré,10
res-frè,10
hadouken,9
cabeza,9
per-cho,9
cz,9
toxicos,9
wah,9
re-sta,9
oit,9
zifukoro,9
te-traî,9
murcielago,9
scarface,9
moha,9
cosa,9
re-fou,9
ul-c,9
kich,9
ben-j,9
tes-comp,9
garo,9
ger-man,9
hassoul-oulou,9
polak,9
arai,9
spliffs,9
pum,9
mathu,9
téma,9
charos,9
ti-sor,9
mcs,9
trainent,9
pequeño,9
llion-mi,9
mis-per,9
zidane,9
biftons,9
homie,9
lehess,9
zongo,9
jos,9
rg,9
ouloulou,9
ué-t,9
marlo,9
soir-ce,9
ketama,9
eyah,9
fons-dé,9
bicravent,9
réput,9
oppa,9
ey,9
eazy,9
crari,9
abdos,9
masta,9
patek,9
sksh,9
saoul-oulou,9
raclo,9
akha,9
tiekson,9
oblah,9
hmhm,9
arthéna,9
--,9
faya,9
guedro,8
ché-bran,8
shlass,8
schmitts,8
rébeval,8
gardav,8
dozo,8
stavo,8
trix-ma,8
jaja,8
bou-bou-bou-boum,8
squa,8
shotas,8
racli,8
braqueurs,8
zic,8
veni,8
maché,8
élysées,8
fulltrap,8
ba-ba-ba-bang,8
siento,8
naah,8
ouss,8
brazza,8
pyroman,8
messi,8
pookie,8
vamos,8
tú,8
louboutin,8
scarlas,8
cocaïnées,8
okey,8
zehef,8
ébelé,8
f'rai,8
shegueys,8
laché,8
morray,8
kofs,8
balrog,8
rents-pa,8
banave,8
sique,8
évade,8
dealeur,8
illet-bi,8
goro,8
tes-tê,8
putanas,8
darwa,8
lil,8
edén,8
ti-par,8
rebenga,8
autotune,8
gues-shla,8
du-per,8
bxl,8
bre-cham,8
puerta,8
unh,8
cette-su,8
sto,8
cheh,8
pasa,8
tecs,8
codéiné,8
pérignon,8
tasse-pé,8
mi-dor,8
a-ç,8
zebi,8
max-t,8
te-pu,8
baumettes,8
blablablah,8
leu-leu,8
dîn,8
plan-gan,8
los-ki,8
flocos,8
lalalalala,8
madrane,8
gadjos,7
selha,7
gangx,7
quatre-cinq,7
wo-wo-wo-wo-wow,7
vittel,7
twerke,7
srab,7
auto-financer,7
heja,7
zer,7
douillé,7
fefe-fe,7
canardo,7
compet,7
oint-j,7
déf,7
vec,7
mamacita,7
ssus,7
kopoba,7
zoin,7
ay,7
bleh,7
rappes,7
skrt,7
mercé,7
lebara,7
kisdés,7
au-d'ssus,7
caille-ra,7
putos,7
puto,7
niquent,7
dev'nu,7
nehess,7
owno,7
zetla,7
moun,7
ademo,7
camés,7
f'sait,7
ve-ca,7
wayes,7
glocké,7
guizmo,7
chienneté,7
renois,7
là-celle,7
marbella,7
snapchat,7
haja,7
reurtis,7
blo,7
kombyen,7
mañana,7
tur-fu,7
reconnait,7
carambar,7
de-spi,7
etre,7
de-spee,7
te-por,7
te-boî,7
schlag,7
suge,7
solo-lo,7
zder,7
ce-for,7
yz,7
oyoki,7
bataradé,7
reurs-ti,7
survet,7
ien-cli,7
bae,7
woogataga,7
putana,7
zblex,7
allright,7
brolic,7
chouara,7
beatz,7
re-noi,7
barça,7
todo,7
bériz,7
blème,7
gamo,7
lе,6
trafiquanté,6
mastar,6
ner-tour,6
tains-p,6
loubou,6
batards,6
ocho,6
uc,6
chelous,6
boug,6
per-ta,6
mouv,6
n-da,6
margiela,6
rebelotte,6
mmes-gra,6
maille-aille-aille-aille-aille,6
ner-cor,6
benda,6
ah-yah-yah,6
rain-ter,6
fuckboi,6
penave,6
shaq,6
labess,6
kicke,6
déja,6
pitbulls,6
thonnent-my,6
hafrit,6
matrixé,6
mythonne,6
a-a-a-a-acide,6
vie-là,6
fouf,6
guirri,6
nueve,6
te-stree,6
agüero,6
maille-aille-aille,6
alé,6
soces,6
kalashs,6
peufra,6
pese,6
inir,6
batard,6
mythonner,6
cambu,6
heure-ci,6
crashe,6
sippin,6
neymar,6
pochtar,6
benef,6
soliterrien,6
sheuboni,6
aketo,6
reur-ti,6
ssous,6
ohhh,6
vvs,6
ture-voi,6
terter,6
qlf,6
zonzon,6
parce-que,6
hallyday,6
kopp,6
rolly,6
charclés,6
ouhouhouhouhouhouh,6
yohoho,6
ie-v,6
nanani,6
ziquer,6
quette,6
mbappé,6
taffé,6
bam-bam,6
tou-tou-tou-tou-tou-tou,6
coño,6
dou-double,6
khedem,6
artena,6
tiek,6
babtou,6
bg,6
déguns,6
michtos,6
mille-deux,6
pocheton,6
nanana,6
pépom,6
popopopopop,6
ciro,6
ouhouhouhouh,6
arah,6
snappes,6
douze-dou,6
gows,6
hlel,6
ex-copines,6
ze-ze-ze-ze-zehefyu,6
bin-bin-binks,6
twingo,6
dites-leur,6
mannie,6
lossas,6
gg,6
vilc,6
dios,6
ehh,6
phone-tél,6
ratatatata,6
naha,6
zbeul,6
ladys,6
r'voir,6
fouuu,6
wooh,6
hautes-noues,6
tout-tout-tout,6
gent-ar,6
charbonneurs,6
tchoins,6
vitry,6
nunca,6
blocka,6
re-ti,6
luego,6
ienb,6
s-line,6
busy-busy,6
quiero,6
famas,6
scred,6
oinj,6
tokarev,6
hijo,6
sé-po,6
foulek,6
vui,6
sse-f,6
mythonnent,6
trons-li,6
dit-ban,6
lemsi,5
zikxo,5
dis-donc-onc-onc,5
eyez,5
vale-ca,5
checke,5
racailler,5
gué-lar,5
guapo,5
pé-ta,5
jamain,5
skurt,5
michto,5
beugeuh,5
ghini,5
frà,5
djos,5
textos,5
mierda,5
ge-sh,5
namek,5
keuss,5
mahrez,5
zappe,5
aille-aille-aille,5
co-détenu,5
semi-auto,5
c-sa,5
timp,5
khené,5
sossa,5
narvalo,5
homies,5
rebeux,5
sidigo,5
hakan,5
re-squa,5
mixtape,5
reum,5
cupidon-on-on,5
tain-p,5
shawty,5
peura,5
est-c'qu,5
cain-ri,5
lui-là,5
tupac,5
compét,5
manaudou,5
drari,5
héhé,5
ze-dou,5
sses-fe,5
quali,5
variet,5
rackette,5
wallaye,5
cjd,5
shlags,5
siboy,5
bédot,5
vils-ci,5
big-up,5
jdid,5
briganté,5
salat,5
zizou,5
tel-ho,5
ch'min,5
bénèf,5
le-le,5
lég,5
policia,5
ffe-ta,5
mclaren,5
cabrón,5
rates-pi,5
chtars,5
hazi,5
ariba,5
ahah,5
chtar,5
dancehall,5
est-c'qu'on,5
ayayaye,5
beldia,5
lé-lé-lé-lé,5
broliques,5
cbr,5
merce,5
loosers,5
gabbana,5
guidon-on-on,5
lalalala,5
tte-ch,5
zanotti,5
ray-ay-ay,5
comme-ci,5
golri,5
demba,5
ch'veux,5
sses-lia,5
heures-minuit,5
hearbreak,5
écœure,5
şükür,5
balèzes,5
maybach,5
ze,5
rapta,5
adré,5
rapgenius,5
piguet,5
kossity,5
plainté,5
ocb,5
pa-pa-pa-pa,5
ciudad,5
cojo,5
farauder,5
tout-par,5
familia,5
beh,5
cailles-ra,5
né-tour,5
mcdo,5
terre-terre,5
glocks,5
wu-tang,5
hasba,5
mystik,5
eins,5
checkent,5
motherfuck,5
pillave,5
gerer,5
migos,5
vil-ci,5
makaveli,5
quette-pla,5
bicraveurs,5
chouf,5
sarko,5
tisse-mé,5
ocrtis,5
vato,5
booska-p,5
num,5
cocainée,5
iro,5
redouane,5
uhuh,5
fiottes,5
guez,5
come-come,5
maco,5
jusqu'aux,5
zemmour,5
rlah,5
tal,5
walabok,5
hellboy,5
lilah,4
takeshi-san,4
tani,4
che-po,4
quien,4
mille-fa,4
koussi,4
kesho,4
yougo,4
zbigili,4
fuckin,4
te-bê,4
bonchar,4
r'garder,4
octris,4
condes,4
shouldn,4
oi-t,4
connaitre,4
anelka,4
laylow,4
ke-sti,4
iens,4
te-mon,4
adami,4
ban-ban-bang,4
cabe,4
kosekana,4
cdg,4
pak,4
tis-mé,4
skrrr,4
heizenberg,4
ze-bla,4
atlético,4
ouhouh,4
joshy,4
sista,4
plavons,4
r'tourné,4
zoula,4
est-c't'as,4
tuni,4
me-ca,4
échant,4
ser-cour,4
bsahtek,4
rhéné,4
mafé,4
iech,4
dispo,4
vien,4
lf,4
cool-al,4
refrés,4
mandjak,4
na-na-ni,4
del-bor,4
me-chro,4
ngaties,4
rov,4
está,4
mada,4
allahou,4
batârd,4
trav,4
lère-ga,4
kichtar,4
rafalé,4
kuta,4
ex-amis,4
skalape,4
instrus,4
tallac,4
rafleuse,4
grandeza,4
rre-gue,4
fute,4
bolosse,4
tch,4
nanananana,4
denzel,4
sauv'ra,4
dakatine,4
_c'est,4
raclos,4
criquettent,4
darwah,4
té-c,4
schlags,4
scarifié,4
bruncha,4
obel-bel-bel-bel-bel-bel-bel,4
waow,4
ratatata,4
ciblé,4
envolent,4
réglos,4
ve-esqui,4
f'ront,4
commе,4
teum-teum,4
stoooooone,4
lokos,4
nimko,4
ont-ont-ont,4
bails-ails-ails,4
sipiliday,4
tate-pa,4
déso,4
fn,4
gow,4
pavtar,4
hago,4
te-ma,4
ibra,4
hennesy,4
dorcel,4
seufs,4
na-na-na,4
hrtbrkboy,4
zarma,4
tos-ma,4
rock'n'roll,4
kenobi,4
così,4
anakin,4
traitres,4
bizness,4
pépito,4
tahia,4
ooo-ooo-ok,4
ton-car,4
ktm,4
me-ar,4
davodka,4
ig,4
kamelanc,4
deusté,4
zonz,4
soixante-cinco,4
miloudzi,4
trainés,4
fianso,4
zefor,4
dugure,4
ré-ti,4
fou-fou,4
sh-sh,4
kichtas,4
gée-char,4
cata,4
est-c'tu,4
backa,4
pe-cli,4
pa-paw,4
taffes,4
po-po-po-po-po-po-po,4
bakambu,4
kehba,4
céllo,4
refou,4
rre-ve,4
zahef,4
foued,4
re-pè,4
heetch,4
ncc,4
ooooh,4
x-adv,4
yeuz,4
gav,4
koussa,4
macky,4
geuz,4
ver-squi,4
paille-aille-aille,4
légergui,4
heey-ah,4
pull-up,4
bicraveur,4
dolla,4
tmax,4
rakta,4
ruinart,4
polia,4
lokas,4
dilapide,4
ront,4
piouh,4
ter-ters,4
vis-ser,4
scè-è-ène,4
kozbeatz,4
oid,4
kamelancien,4
tacles,4
ces-vi,4
uno,4
tou-tou-tou-tou-tou,4
dev'nir,4
teub,4
pchit,4
ge-gor,4
ünkut,4
dits-ban,4
olalala,4
zness-bi,4
hi-hi-hi-hi,4
choré,4
vovo,4
fifa,4
ke-cra,4
gogole,4
ste-ve,4
crades,4
pon,4
mutoto,4
kouma,4
kissdé,4
startac,4
menottés,4
quе,4
ubud,4
bomayé,4
toc-toc,4
eteindre,4
sí,4
boomin,4
cepu,4
sy,4
quieres,4
mía,4
ge-lar,4
pij,4
nord-sud-est-ouest,4
eso,4
ché-cra,4
là-là-là,4
yeah-yeah-yeah,4
asb,4
ssistes-gro,4
dél,4
fln,4
moula-la-la-la-la-la-la-la-la-la-la-la,4
cocue,4
robocop,4
jusqu'ici,4
mundo,4
lalalalalère,4
snitchs,4
pou-pou-pou,4
ouzou,4
kheys,4
pinpon,4
hachek,4
clicos,4
hugz,4
vagos,4
murda,4
sisi,4
piff,4
té-mon,4
phone-tel,4
zepek,4
pa-pa-pa-paw,4
vis-lé,4
tèc,4
maines,4
tchoīs,4
r'gardes,4
zk,4
zemels,4
mc's,4
eto'o,4
vegeta,4
jusqu'en,4
yangu,4
ballek,4
aç,4
tefro,4
sheitana,4
doum's,4
decs,4
boom-boom-boom,4
tchyco,4
poh-poh,4
pé-cho,4
landy,4
pequeno,4
doum-doum-doum,4
aulnay,4
àl,4
benga,4
reubeu,4
t-être,4
pé,4
tut-tururu-tutu,4
ris-pa,4
amîn,4
limsa,4
crr,4
ler-par,4
único,4
rer-ti,4
soum-soum,4
ttu-ba,4
d-spee,3
ciroc,3
pfiu,3
zinedine,3
tou-tou-tou,3
aulney-sous,3
habiba,3
ke-co,3
che-lou,3
jarrive,3
zombifie,3
mili,3
re-sortir,3
dis-leurs,3
barjos,3
clandos,3
rha,3
savastano,3
che-bou,3
téci,3
has-been,3
re-frès,3
nard-bé,3
zemel,3
boussa,3
skyz,3
per-pom,3
tchou,3
dièse-trente-et-un-dièse,3
sicarios,3
brrrra,3
niquait,3
nane-ba,3
co'-co,3
vago,3
rappent,3
rhabat,3
panamera,3
fleek,3
boulard,3
izer,3
sace,3
r'trouve,3
guadajalara,3
wo-ouh-wo,3
champs-elysées,3
nik,3
fimbu,3
daenerys,3
jnoun,3
lyca,3
riddim,3
desde,3
saha,3
tsika,3
en-lés-cu,3
refré,3
bestie,3
capri-sun,3
crimo,3
vidi,3
mouah,3
kool,3
sin-cou,3
geah,3
zbang,3
reuss,3
cheb,3
check-in,3
shrab,3
akm,3
aznavour,3
hahaha,3
eheh,3
mala-la,3
michtonne,3
kherdala,3
waouw,3
niquée,3
tunisan,3
sère,3
bonbecs,3
bedo,3
nostra,3
schlingue,3
poukie,3
zeg,3
rdv,3
oklm,3
sipi,3
jsuis,3
she-boni,3
blacko,3
te-sh,3
ptit,3
clicquot,3
zeler,3
tunisiano,3
kadillac,3
eaz,3
zoulous,3
wifa,3
íntegro,3
llars,3
tarpé,3
tou-tou-tou-tou,3
pe-stu,3
t-à-dire,3
pochetard,3
ffe-spli,3
gravon,3
hola,3
tchoïs,3
shité,3
oufs,3
enterre-terre,3
forem,3
vitaa,3
g'noux,3
flashs,3
yahia,3
obi-wan,3
quart-temps,3
glk,3
iencli,3
ca-asse,3
touches-car,3
garcimore,3
anniv,3
instrumentale,3
pé-cou,3
r'viendrai,3
dadju,3
fonsdé,3
tes-po,3
afres,3
sharingan,3
khedma,3
еst,3
gorée,3
se-l'ai,3
siete,3
diddi,3
non-coupables,3
po-po,3
sentía,3
vréalité,3
ai-ai-ai-air,3
perqui,3
starf,3
oyayayah,3
rappé,3
dеs,3
dis-lui,3
toka,3
límpido,3
yaro,3
pro-pro-professor,3
kalaché,3
mami,3
ruskov,3
fiane-so,3
taffent,3
méme,3
engraine,3
orh,3
yqoulou,3
vres-lè,3
macan,3
pucca,3
bicraves,3
srais,3
drah,3
thos-my,3
aprem,3
enjaille,3
ça-ça,3
gianni,3
restau,3
yeah-yeah,3
tcheker,3
die-ie-ie-ie,3
sigo,3
likent,3
mané,3
she-bonidas,3
me-sper,3
sevran-beaudottes,3
touche-car,3
jafar,3
zemeh,3
alizée,3
skarfa,3
parlu,3
choo,3
rezidant,3
khalis,3
labios,3
kafé,3
tes-trai,3
ho-oh,3
letempsdupiano,3
mahbouls,3
affut,3
tes-pu,3
lères-ga,3
léwé,3
après-m,3
choisy,3
kizomba,3
startrek,3
benzema,3
baqueux,3
garde-à-vue,3
chauff,3
nessbeal,3
tiex,3
cavani,3
zikyenne,3
veuch,3
bsb,3
mwah,3
beu-her,3
francais,3
ssiste-gro,3
hé-hé,3
cochi,3
aquí,3
brah,3
lewandowski,3
rihanna,3
raggasonic,3
nwar,3
végé,3
pablito,3
bouzi,3
gouté,3
hemi,3
bellagio,3
tiaga,3
beriz,3
flouz,3
frío,3
tell'ment,3
zahma,3
gueu,3
lope-sa,3
zlatan,3
ches-po,3
dímelo,3
fraisou-ou,3
más,3
billaye,3
militaire-taire,3
quettes-pla,3
cer-su,3
mondéo,3
ouuh-ouuh,3
meujs,3
hami,3
fe-bi,3
nne-bo,3
bersa,3
laouni,3
opg,3
jay-z,3
yoo,3
mma,3
r'tard,3
nicki,3
batcave,3
restos,3
aou,3
pookies,3
algé,3
haaan,3
pointe-à-pitre,3
que-sa,3
ga-ga-gangsta,3
muscu,3
djeba,3
yung,3
teur-poin,3
unh-unh,3
foolek,3
iv-e,3
mondeo,3
monkass,3
lawiss,3
bout-out,3
itachi,3
son-mai,3
nhomme-bo,3
aulnay-sous,3
pesci,3
deu-spi,3
schneks,3
héroine,3
thonner,3
chong,3
dio-stu,3
gue-sh,3
rappais,3
graille-aille-aille-aille-aille,3
baccardi,3
bigflo,3
renderai,3
ris-kaa,3
blanka,3
quattro,3
j-lo,3
voglio,3
oulala,3
anh,3
molo,3
teubs,3
kery,3
f'nêtre,3
tèj,3
amnésia,3
kpoint,3
ge-ra,3
tov,3
bougnoules,3
refourgue,3
fajr,3
te-j,3
breitling,3
rré-bou,3
hamdullah,3
zumba,3
larlar,3
niños,3
reus,3
voluptyk,3
gàv,3
killa,3
cances-va,3
pls,3
bandeur,3
albator,3
nanania,3
sinik,3
habs,3
déj,3
dealeurs,3
fanta,3
tié-pi,3
zesau,3
nizi,3
nhar,3
té-cla,3
wifey,3
dégouté,3
pé-pom,3
nessa,3
jusqu'aujourd'hui,3
o-dog,3
nords,3
hariba,3
cls,3
re-roule,3
comicos,3
donnant-donnant,3
ble-ta,3
tship,3
r'fait,3
p-j'pèse,3
tfou,3
zgeg,3
racketté,3
ribéry,3
fe-meu,3
tlf,3
vi-ie,3
d-mass,3
cé-per,3
vm,3
woh-oh-oh,3
enmerde,3
vréel,3
poukies,3
copa,3
sheubonidas,3
totti,3
pfff,3
psss,3
vacío,3
goleri,3
moment-là,3
véto,3
balla-llade,3
kick-back,3
reusseu,3
flockos,3
boyka,3
yemma,3
sheboni,3
rate-pi,3
skao,3
en-bas,3
chui,3
gta,3
po-po-po,3
résonneur,2
leur-dea,2
écroule,2
brvmsoo,2
snk,2
lé-lé-lé,2
puisqu'ils,2
chose-quel,2
nashave,2
maëva,2
bugue,2
cada,2
ronaldo,2
ché-la,2
gomme-cogne,2
mobile-home,2
sept-huit,2
shnouf,2
fafa,2
est-ce-que,2
immisce,2
res-fré,2
cocard,2
aaah,2
malia,2
twinsmatic,2
gon,2
roc-ma,2
counia,2
sins-cou,2
saligo,2
fes-meu,2
one-two,2
fimbi,2
kbis,2
biggy,2
tits-peu,2
rajels,2
chapo,2
niño,2
pule-cra,2
tizi,2
traphouse,2
à-ce,2
tail-dé,2
cest,2
hella-la-la-la,2
hermano,2
fally,2
tarmi,2
homme-là,2
te-je,2
tho-my,2
pek,2
panenka,2
she-bo,2
escucha,2
yen-yen,2
llot,2
sherko,2
kahba,2
bmf,2
casse-leur,2
pédo,2
survête,2
ne-hai,2
oregamasu,2
fon-fonky,2
pû,2
follo-o-ow,2
niqués,2
keums,2
infinito,2
mexicana,2
bé-bar,2
haine'zer,2
hu,2
digdat,2
diakité,2
jе,2
fois-alpha,2
cantat,2
akhi,2
kahlouch,2
fraiche,2
to-ph,2
enn'mis,2
wellaw,2
bdh,2
lacrizeotiek,2
r'faire,2
street'zer,2
chard-clô,2
méli,2
fuiste,2
escucho,2
niqueront,2
tarpés,2
veo,2
dawa,2
katsumi,2
tipeu,2
ouh-ouuh,2
rattes,2
rozay,2
chenef,2
alisson,2
st-denis,2
beckham,2
comorienne,2
flexin,2
répu,2
bat-bat,2
gti,2
traine'zer,2
goku,2
boboch,2
cro,2
becs-bon,2
fwékentasiyon,2
nda,2
lleurs-mei,2
exo,2
shmitts,2
pochton,2
pernel,2
ssion,2
xavi,2
rabza,2
couillé,2
r-o,2
nutella,2
tolards,2
ptite,2
amore,2
she-fla,2
naza,2
crimi,2
ronne-da,2
douha,2
woula,2
mazel,2
_qui,2
daleux,2
calbut,2
grand-frère,2
mendors,2
re-ga,2
bite'zer,2
absolut,2
skeuds,2
dam-dam,2
peito,2
kassim,2
tahanes,2
cie-e-el,2
geezee,2
ahhh,2
bir,2
bails-ail-ail-ail-ail,2
âal,2
ganks,2
malette,2
beaudottes,2
tartineur,2
deezer,2
lilles,2
tiek's,2
momma,2
frique,2
sya,2
conforama,2
ntm,2
pouèt,2
rettes-ba,2
falcao,2
ref'rai,2
éj,2
yeah-eah,2
khabib,2
nèg'marrons,2
lopes-sa,2
zebla,2
barbar,2
rép,2
farruko,2
waï,2
téce,2
freakey,2
émiratis,2
hotmail,2
adiós,2
jt,2
queur,2
ffre-co,2
dédicasse,2
bezbar,2
péra,2
que-cra,2
ter-mon,2
credimi,2
dech,2
trainais,2
ratata,2
too-too-too-too,2
pop-pop,2
guizi,2
niké,2
ehe,2
re-te-te,2
guardia,2
ceau-mor,2
stard-co,2
cinco,2
scret-di,2
re-frés,2
rpg,2
foirée,2
essa,2
puenta,2
buisness,2
splif,2
malé,2
r'trouvera,2
eh-eh,2
frenchis,2
brel,2
aprèm,2
belhani,2
li-li,2
bra-bra,2
woun,2
k-way,2
r'trouver,2
tiako,2
nekfeu,2
hrnn,2
orlinz,2
ches-lou,2
freestylais,2
rampampampam,2
mogo,2
zguègue,2
jusqu'où,2
dimeh,2
sì,2
suçe,2
mange-pierres,2
ué,2
schlasser,2
ra-ra,2
skyrock,2
falche,2
iliens,2
braah,2
test-test,2
cazzo,2
silencio,2
galèré,2
timal,2
che-blan,2
v-esqui,2
whassup,2
bastons,2
rla,2
mothafuck,2
gle,2
marsiglia,2
crikk,2
heenok,2
oohh,2
skyler,2
beyoncé,2
sonhos,2
llegué,2
yonea-willy,2
tard-mi,2
lyriciste,2
ysos,2
dégoutes,2
lune-e-e,2
steuplaît,2
soolking,2
aubameyang,2
champtier,2
jong-un,2
né-co,2
menzo,2
nass,2
ej,2
mendy,2
mero,2
surement,2
hassanates,2
hk,2
mí,2
hassoul,2
uh-hum,2
beta-rogers-alpha-zebra,2
zampa,2
korozifu,2
dartagnan,2
tropez,2
engrainé,2
gole-ri,2
imprè-è-ègne,2
nera,2
fé,2
bouna,2
tchoc,2
floqué,2
r'cadrer,2
suis-is-is,2
collec,2
djazair,2
pèt,2
epoque,2
pavard,2
shinigami,2
mе,2
lesram,2
barjots,2
'elle,2
prétoir,2
fonky,2
veuchs,2
collabe,2
bums-al,2
mobb,2
playmobil,2
reup,2
tards-pé,2
tes-traî,2
poudlard,2
déchireurs,2
regoûter,2
craquante,2
oggi,2
beurettes,2
médellin,2
nao,2
jack-da,2
llegaste,2
bédavent,2
galèrent,2
bébar,2
benjay,2
boujee,2
rompo-pom-pom-pom,2
nachav,2
lazer,2
bamba,2
garettes-ci,2
jnouné,2
queso,2
val-ca,2
bour,2
barlous,2
kaïô-ken,2
quoiqu'il,2
liga,2
yencli,2
bipe,2
shnek,2
pop-pop-pop-pop,2
fredo,2
ami-ami,2
incensé,2
boubakar,2
quil,2
fafs,2
lachaise,2
krisy,2
souv,2
akrapovitch,2
aleur,2
bel-air,2
lu'-lu,2
ller-gri,2
duc'zer,2
gainz,2
lds,2
ce-fran,2
northface,2
flaag,2
chourav,2
il-li-cites,2
kech-marra,2
gente,2
enchainent,2
deble,2
v'nus,2
femeu,2
o-de-o-de-o,2
fina,2
blanche-neige,2
kes-sti,2
fouine-la,2
sse-go,2
aaaah,2
jis,2
beuer,2
kaká,2
stoc-ma,2
bougs,2
préfèrerais,2
sappé,2
dojoklan,2
sbir,2
parigo,2
you-voi,2
orgemont,2
barettes,2
predichi,2
deum,2
tão,2
débrief,2
tra-ace,2
scar-la,2
ro-ro,2
tu-ba,2
zeil,2
elysée,2
tafioles,2
peket,2
kahwa,2
lacrizeomicmec,2
sirili-woh-woh-woh,2
neuf-trois-six,2
turfu,2
brb,2
lé-par,2
rev'nir,2
jong,2
callé,2
sistas,2
berlingo,2
caminho,2
ébola,2
krr-krr,2
beida,2
trom,2
mamaille,2
ohh,2
oooh,2
tte,2
sauer,2
cke-bla,2
hold-ups,2
vidéo-club,2
écœuré,2
amada,2
pes-stu,2
ouarzazate,2
tagnes,2
racailleux,2
'david,2
numero,2
ennnnnn,2
janaza,2
cliquos,2
shabs,2
así,2
jvais,2
luch,2
méne,2
itt,2
se-bla,2
momo,2
freestylé,2
a-k-,2
longwa,2
leur-di,2
te-car,2
catine,2
cr-r-r,2
oumar,2
tarpins,2
eazy-e,2
oli,2
té-comp,2
eh-eh-eh,2
que-tru,2
dalle-dalle,2
sopalin,2
me-crè,2
bicraver,2
zyed,2
bruel,2
zehma,2
delorean,2
akra,2
pancho,2
boums,2
coste-la,2
jvous,2
feu-kes,2
capuchés,2
cazalisé,2
hram,2
gomorra,2
enquille,2
aud-ch,2
ommok,2
lampe-torche,2
rim'k,2
r'vu,2
senegalo,2
mer-dier,2
hnine,2
taille-dé,2
thevie,2
amnés,2
imma,2
yomb,2
foncedé,2
b'soins,2
aty,2
tchaga,2
co-co,2
ke-skun,2
keh,2
darone,2
khlass,2
lorsqu'ils,2
ke-ni,2
khomri,2
sahbi,2
trer-ren,2
keu-sse,2
ragnagna,2
puterie,2
douah,2
tu-tu,2
koffi,2
laâbad,2
zèb,2
kanye,2
balons,2
frôlage,2
paranoie,2
kech,2
mmh-mmh,2
branleurs,2
bois-d'ar,2
aviv,2
pra,2
piché,2
roulе,2
barode,2
habibi,2
mwana,2
pj,2
k-k-k-o-f-s,2
cho,2
tcheba,2
raoult,2
p'louse,2
heya,2
tu-tu-tu-tu-tu-tu-tu,2
ba-bang-bang,2
wouf,2
gritar,2
alaprod,2
riquet,2
pare-balle,2
tos,2
les-è,2
vél,2
youss,2
gent-gent,2
paah,2
blédards,2
roosendaal,2
shinobi,2
еt,2
r'connaître,2
pt'être,2
rudynovski,2
flashballs,2
ang-s,2
mirada,2
metou,2
pah-pah,2
querer,2
v'nez,2
me-da,2
mifa,2
reurti,2
manolo,2
hеy,2
jetski,2
starfoullah,2
cer-per,2
e-rise,2
pes-sa,2
plainter,2
rain-te,2
tals,2
shkeguegang,2
bolso,2
i'm-i'm-i'm-i'm,2
konami,2
khouya,2
ti-pe,2
e-bay,2
opresse,2
mboka,2
pez,2
carna,2
re-mè,2
r'tournera,2
tchikita,2
nico,2
lorsqu'il,2
pattaya,2
cellophanés,2
zincou,2
bi-couleur,2
me-cri,2
mecton,2
winehouse,2
me-seu,2
lepen,2
gaviria,2
jouretna,2
ne-tour,2
diallo,2
f'nêtres,2
oui-oui,2
rottes-ca,2
kishta,2
krueger,2
mouss,2
reconnois,2
gaou,2
lancel,2
moncler,2
fliqué,2
khamem,2
cile-fa,2
to-to-totalement,2
assos,2
popopop,2
scénar,2
marave,2
pè-è-ère,2
frilleux,2
parc'qu'on,2
xo,2
geush,2
tengo,2
te-shmi,2
cher-mar,2
cauet,2
tiop,2
loko,2
schmiture,2
rer-pleu,2
ah-ah-eh,2
heezy,2
kherba,2
ol,2
peu-ra,2
brrrr,2
new-york,2
katchou,2
fois-ci,2
car-jack,2
couille'zer,2
arh,2
a-as,2
cains-ri,2
shmit,2
sté-pi,2
vapoté,2
yé,2
domenech,2
dabbent,2
spaggiari,2
brelik,2
touré,2
vrette-le,2
whatsapp,2
buscemi,2
catastrohff,2
cortez,2
hesses,2
housni,2
reusta,2
zoulette,2
gtr,2
rollie,2
ayem,2
teum,2
tu-tu-tu-tu-tu-tu,2
enfouraillé,2
saoulard,2
paparazzis,2
pe-sa,2
laounizi,2
_ben-j,2
grecquo-romaine,2
lardus,2
pha,2
cassos,2
hatem,2
iam,2
siste-gro,2
menottées,2
r'gardant,2
zerma,2
farhan,2
taz,2
tre-mon,2
anti-shmeta,2
klaouis,2
va-t'en,2
bakhaw,2
ah-ha,2
fakher,2
fel,2
akrapovič,2
psch,2
rac,2
peu-fra,2
delon,2
que-ban,2
salah,2
connes,2
ying,2
encules,2
niska,2
r'ssemble,2
meujes,2
kaiji,2
mj,2
grillz,2
souv'nir,2
mechwi,2
pitax,2
steaker,2
parebrises,2
fu,2
cheech,2
pouchka,2
permi,2
clic-clic,2
nibards,2
tchek-tchek,2
enfuit,2
kheye,2
non-dits,2
veux-ch,2
préfèrais,2
apl,2
esss,2
wlidi,2
faubourg-saint-honoré,2
ardisson,2
pim-pon,2
casté,2
biatchs,2
ih,2
ceaux-mor,2
rodé-rodéo,2
bezzaf,2
ppe-ra,2
lobotomise,2
mcnulty,2
yeah-eh-eh,2
anti-flics,2
doumam,2
insha'allah,2
ger-chan,2
si-sidigo,2
koké,2
_t'as,2
diop,2
qalf,2
tion,2
dosseh,2
jacteurs,2
épinay,2
loka,2
tacchini,2
koka,2
suena,2
garre-ba,2
f'ras,2
tsou-tsou,2
blackos,2
fi-iche,2
la-la-la-la,2
sses-fé,2
là-là,2
ripro,2
madjer,2
boulouloubi,2
gwada,2
viento,2
inarrêtables,2
teuteu,2
loss-bo,2
obé,2
collabos,2
hahahaha,2
poulos,2
eto,2
gomis,2
r'connais,2
faccio,2
mére,2
ferragamo,2
macdo,2
yous-voi,2
assim,2
ghennam,2
che-ri,2
castellane,2
enchaine,2
reu-sta,2
té-gra,2
géné,2
ble-dia,2
sassou-nguesso,2
queda,2
rev'nu,2
wealstarr,2
damsolitaire,2
allo,2
wougata,2
chard-clo,2
sisste-gro,2
crf,2
pálpito,2
destock,2
schmit,2
i-i,2
jamaïca,2
vinc,2
khaleesi,2
fenzo,2
soninké,2
pauleta,2
bois-d'arcy,2
dè,2
sexion,2
mi-homme,2
corazón,2
bicar,2
sdm,2
pe-sli,2
habibti,2
rosemark,2
illasse-ca,2
sseufs,2
rrains-te,2
p'têtre,2
mes-fu,2
wiikit,2
papé,2
lance-pierre,2
backeur,2
salamèche,2
kestyon,2
drizzy,2
dendé,2
crados,2
ba-bah,2
coulibaly,2
tropico,2
luynes,2
re-mé,2
rre-vé,2
golo,2
mangiare,2
krilin,2
dijo,2
dèch,2
willy-yonea,2
bratan,2
te-boi,2
tarterêts,2
high-kick,2
fé-ca,2
frero,2
pancani,2
kes-fli,2
krr,2
dwog,2
ouh-oh,2
gari,2
tiers-quar,2
leggo,2
bisso,2
tails-dé,2
fazer,2
tai-ai-aine,2
ieu-p,2
brulé,2
unga,2
primark,2
llés-gri,2
kè,2
cra-ri,2
seleção,2
odo,2
oula,2
grem's,2
mahlich,2
zique,2
cartouchée,2
katsuni,2
zer-mi,2
bbm,2
condéss,2
tcherno,2
fè,2
enchainé,2
bracos,2
abreu,2
haza,2
follasse,2
balo,2
guiziouzou,2
lloret,2
oires,2
kamu,2
ahhhh,2
represente,2
ché-ca,2
srabs,2
bi-ise,2
camino,2
pero,2
av'nir,2
hacer,2
assedic,2
demande-leur,2
imessages,2
timent-bâ,2
gli,2
guttentag,2
zitounes,2
ohlala,2
redbull,2
ferrarisé,2
dev'nue,2
ce-pu,2
bédos,2
cerruti,2
oin-j,2
vé-her,2
valide-lide-lide,2
hara,2
zeleman,2
räikkönen,2
ness-bi,2
africain-soviétique,2
pico,2
checkes,2
triplenbeat,2
gue-guerre,2
whippin,2
mhh,2
bikows,2
nmout,2
dende,2
auto-portrait,2
hehe,2
cachetonné,2
lifes,2
hehehe,2
thehashclique,2
khenés,2
té-plan,2
facetime,2
myriame,2
air-bel,2
valyrien,2
pucelles,2
r'connait,2
aket,2
azzedine,2
wallen,2
r'penses,2
k'rim,1
péno,1
tarrés,1
aille-aille-aille-aille-aille,1
penélope,1
tesquinte,1
abboies,1
hi-yeah,1
weswes,1
re-ressors,1
neuf-millimétré,1
bes-bar,1
broliks,1
fredy,1
ient,1
larosh,1
compartiendo,1
wella,1
oooooh,1
arténa,1
goler,1
pouki-ah,1
moove,1
morano,1
ther,1
goomar,1
zine-cou,1
floko,1
petch,1
callate,1
est-c'j'vais,1
señores,1
chiedi,1
zizir,1
smecta,1
faudel,1
ché-cher,1
gli-isse,1
guadada,1
teilles-bou,1
lebess,1
soulait,1
hacen,1
tère,1
lugar,1
rach'ter,1
еst-ce,1
mokri,1
viajamos,1
fiak,1
parlus,1
vazi,1
rabilles,1
lior,1
panaméra,1
skywalker,1
_ky-ja,1
hêy,1
glander-der-der-der,1
empégué,1
tamas,1
refileurs,1
explosés,1
bohro,1
vé-le,1
digiuno,1
rent-p's,1
rate-pis,1
darbida,1
otomatic,1
toye,1
frèro,1
célib,1
aurevoir,1
buzy,1
rrra,1
se-bai,1
mi-mi,1
psht,1
shoote-le,1
vivastreet,1
dbz,1
lwalida,1
misié,1
anti-flic,1
deslizándose,1
ballec,1
heeeey,1
tookie,1
delo,1
mesrines,1
bolloré,1
gue-dins,1
foutre'zer,1
binouzes,1
té-ice,1
ré-bou,1
r'descend,1
banania,1
coffio,1
sarò,1
ca-ase,1
tonne-car,1
mrendra,1
do-donne,1
bla-bla-blagues,1
ru-rupture,1
contenaires,1
entrecule,1
r'mercier,1
maseratti,1
gues-sh,1
jme,1
neimans,1
fes-keu,1
la-celle,1
'orangina',1
menos,1
bsahteck,1
guitarise,1
enipap,1
en-més-fer,1
genda,1
glougloutage,1
fruictifier,1
trafikan,1
gal-sen,1
sse-schla,1
lyricale,1
bienv'nue,1
lammes,1
putins,1
gringotts,1
sfaire,1
rre-pie,1
megra,1
tracklisting,1
timba,1
fantasías,1
toca,1
streetzer,1
courrir,1
che-frai,1
doggystyle,1
conmigo,1
isé,1
chiriki,1
wé,1
periode,1
boulang,1
cou-cou-cours,1
deux-feuilles,1
amenez-là,1
eeny,1
chnek,1
ve-lo,1
lorinser,1
dé-saoulaient,1
lahsa,1
tes-bê,1
lacazette,1
falches,1
yeuzs,1
r'pars,1
égli-ise,1
mputu,1
kaboussa-sa-sa,1
malgres,1
achtung,1
merda,1
ssayer,1
pschit,1
cheu-cheu,1
liké,1
djel,1
ieds-p,1
hezefnezer,1
co-mer,1
analy-yse,1
leranekoul,1
tahan,1
consentía,1
maghnia,1
logobi,1
lo-ssa,1
sensimilia,1
pan-pan-pan,1
sombreur,1
bugattise,1
té-chan,1
darasse,1
zeh,1
scénic,1
niafous,1
src,1
ton-ba,1
echec,1
aterrados,1
moudjahids,1
anti-shmites,1
grems,1
viles-ci,1
kofal,1
solite,1
credere,1
nejeu,1
coucougnettes,1
guardo,1
ngo,1
ça-comme,1
kwaah,1
flouss,1
pilone,1
baléo,1
jemma,1
siguen,1
kap'z,1
bebet,1
pocus,1
kinté,1
piqure,1
sensas,1
mu'-mu,1
segpa,1
trackeur,1
bagheera,1
ouai-ai-ai-ai-ais,1
coche-sa,1
empare,1
code-barre,1
kanté,1
tizer,1
guez-mér,1
destinos,1
cozzy,1
cama,1
еxpliquer,1
enquête-quête-quête-quête,1
ouhhh,1
troca,1
yakes,1
tèr-tèr,1
oualeïkoum,1
demi-tonne,1
homeback,1
iche,1
re-sœu,1
c-lo,1
agv,1
odio,1
ewewewe,1
mayweather,1
ramificados,1
yamamoto,1
lеto,1
bad-trip,1
crapote,1
r'ssenti,1
abiment,1
karembeu,1
glkalash,1
me-ga,1
mwen,1
destop,1
raquetter,1
raw-z,1
boulehya,1
pirlo,1
mitigieux,1
cosmo,1
oublira,1
balavoine,1
beugueuh,1
tékos,1
rk,1
reti,1
filcs,1
chawarma,1
_la,1
mèzère,1
cromé,1
deussté,1
nebghik,1
vedo,1
abass,1
oualpé,1
lo-lopes,1
complacerte,1
chi-chi,1
broliquée,1
ttres-le,1
sse-sui,1
sheetah,1
ronaldinho,1
lloris,1
bradpitt,1
volver,1
djalil,1
tchoupe,1
ra-ta-ta,1
badredine,1
hauts-de-seinе,1
éblouient,1
jacte-jacte,1
aprendí,1
bayley's,1
ban'a,1
posizione,1
ame,1
sœurettes,1
snappent,1
kiabi,1
galsens,1
fidélisé,1
guesh,1
rim'koff,1
belmondo,1
tchiguiritchek,1
tser,1
ien-ch,1
allahu,1
koryaz,1
pêtent,1
de-de-de-dems,1
toza,1
coc,1
grizzley,1
hagal,1
breliké,1
voy,1
jallet,1
petit-frère,1
doggyne,1
vero,1
sous-vide,1
atesse,1
gravos,1
lakour,1
useur,1
b-boy,1
pinky,1
lozaits,1
bac-man,1
parcе,1
tchiki,1
orlyhood,1
gling-gling,1
beau-wow,1
sevan,1
busca,1
endouille,1
nahess,1
daytona,1
aji,1
você,1
brahima,1
cinq-cinq,1
exactamenté,1
représaille,1
z'yeux,1
yass,1
pringles,1
monocolore,1
neronemesisé,1
lafsed,1
bin-bin-bin-bin-bin-bin-binks,1
ksoum,1
guyanaise,1
hdess,1
illico-presto,1
feu-ta,1
scheubonidas,1
kombat,1
madzi,1
guinter,1
chienter,1
shlingue,1
monkie,1
repèteront,1
chahmas,1
faible-faible,1
offishal,1
noiches,1
hashich,1
ozali,1
pèpère,1
contre-plafonds,1
titeuf,1
luidji,1
teumteum,1
ta-ta-tacler,1
témon,1
hannout,1
tralalalalère,1
prom'nade,1
sépar'ra,1
babtous,1
obao,1
sako,1
tataouine,1
vodka-redbull,1
dég,1
patou,1
e-ekip,1
éco,1
ne-son,1
shakur,1
différance,1
tcha-tcha-tcha,1
dreamin,1
jujujul,1
ciste-ra,1
tre-ren,1
khelés,1
dragovic,1
fàbregas,1
gt-max,1
annee,1
assdècs,1
konèt,1
plav,1
jnouns,1
michetonne,1
laise-ba,1
mеnottés,1
merdasse,1
ixzo,1
caprisun,1
neuer,1
tention,1
vir-ser,1
funaná,1
chackal,1
marinella,1
diabolisent,1
inale,1
saccoche,1
interrumpe,1
gratte-buzz,1
ibou,1
flash-balls,1
plazza,1
haut-bas,1
genn'-genn,1
japão,1
comandare,1
téc,1
tatata,1
paque,1
etes,1
dix-huitème,1
guía,1
se-ba,1
pti,1
derangent,1
demi-kilo,1
rafa,1
mégastorm,1
tards-bâ,1
paris-saint-germain,1
swagg,1
mnr,1
breakent,1
jénial,1
est-c'j'en,1
bisap,1
dhalsim,1
hakuna,1
il-vous-plaît,1
per-sni,1
hyia,1
lles-cou,1
artista,1
skchh,1
khanzed,1
hajime,1
norey,1
prométhazine,1
hollanda,1
osеille,1
mi-gosse,1
polygram,1
siempre,1
yihoud,1
ofélé,1
hekuup,1
aspetto,1
sayen,1
andalé,1
smurfent,1
ter-chan,1
calote,1
vinnie,1
est-c'qu'ils,1
slk,1
tard-ba,1
garres-ba,1
molenbeek,1
rey,1
scrivere,1
charbonheur,1
tachel'hit,1
bhal,1
ffaires-a,1
wesh-wesh,1
burnes,1
she-ca,1
amnézia,1
slhag,1
swaggeru,1
mademo,1
ba-banane,1
par-terre,1
nei,1
main-d,1
djéze,1
charclent,1
maisons-alfortville,1
zahefyu,1
phaal,1
ber-flam,1
puh,1
sucy,1
kompressor,1
rest'ront,1
brun-châtain,1
coméra,1
ge-vier,1
boullereaux,1
bourqa,1
macbook,1
lalanne,1
mi-capitaliste,1
siente,1
ferrero,1
aliento,1
i'buzz,1
legouerra,1
galick,1
shonen,1
scéna,1
bwoy,1
que-clo,1
tche-bi,1
messié,1
te-comp,1
yous-v,1
pikos,1
og's,1
sandero,1
rezefaitzait,1
mal-baisée,1
koya,1
callibré,1
charclos,1
eglise,1
photoshoppé,1
_partager,1
cimé,1
fuentesvie,1
gol-ri,1
mac-eleven,1
ysl,1
kérosènе,1
snom,1
pi-isse,1
damsette,1
rimka,1
pck,1
castelo,1
sparatorie,1
quatro,1
peypin,1
rrant-ma,1
ghenda,1
photos-souvenirs,1
kts,1
donky,1
mange-pierre,1
zaki,1
diams,1
hhouij,1
fasse-fasse,1
dévierge,1
féérique,1
qaâdou,1
teatro,1
maaaaal,1
donf,1
resorti,1
unfollow,1
pinela,1
papin,1
verdansk,1
dehka,1
mêler-ler-ler,1
burgman,1
maine-se,1
woo-woo,1
mississipi,1
rrête,1
complace,1
niken,1
de-de-de-de-derniers,1
soi-disante,1
autotuné,1
taarabt,1
re-veux,1
mcbeal,1
flexy,1
écroula,1
houi,1
manix,1
merch,1
cachoteries,1
pushka,1
ohohoh,1
sentados,1
ké,1
pcsisé,1
breuch,1
se-po,1
concreti,1
piche,1
chot-ca,1
sépharade,1
giornata,1
vitos,1
sito,1
thateul,1
schoun,1
kemite,1
conau,1
darti,1
teurm,1
crisait,1
ierté,1
nnes-chie,1
frenetik,1
ex-poukis,1
ptêtre,1
mi-attentat,1
zinga,1
pegi,1
ouzbèques,1
abattres,1
fugazi,1
ier-ch,1
je-je,1
pims,1
ch'tars,1
feshnou,1
qué-bra,1
ré-édition,1
lecques,1
janela,1
rchi,1
incompresi,1
perqui-ise,1
avant-pied,1
wahlem,1
reu-p,1
koschtowsky,1
tchou'y,1
rihrih,1
bœufs,1
tarpin,1
quieras,1
chennevières,1
gsxr,1
parga,1
rassba,1
djangalémé,1
re-déboule,1
nessuno,1
nois-ch,1
mi-michto,1
boîte-boîte,1
hors-normes,1
goves,1
kainry,1
gla-ace,1
ducon,1
benalla,1
re-sonner,1
somo,1
rre-beu,1
viе,1
rodavent,1
bonduelle,1
r'prends,1
bé-ton,1
déchaine,1
galériennes,1
adan'y,1
barj,1
hania,1
wallou,1
mala-la-des,1
sses-f,1
grandiet,1
pasé,1
reviennеnt,1
sound-system,1
immiscent,1
lágrimas,1
zoulas,1
blo-gang,1
rhabate,1
ouvre-branche,1
rifuz,1
a-aç,1
auto-gère,1
baveu,1
trau-matiser,1
abdoulai,1
ssin-ba,1
moubzer,1
malou,1
woooogataga,1
garges-sarcelles,1
pegar,1
texplique,1
fox-deux-fois,1
ehss,1
baraca,1
luthor,1
mufasa,1
lance-ba,1
ih-ih-ih,1
jenouya,1
bédaves,1
mentless,1
porte-feuilles,1
apens,1
rockeurs,1
pakatous,1
artisti,1
nassé,1
tron-li,1
aadhim,1
autours,1
cupra,1
peythieux,1
fleugeurs,1
delattre,1
memória,1
puyol,1
anti-vénus,1
poupou,1
reggae',1
hih,1
multi-clonage,1
disiz,1
ois-m,1
douhas,1
shougo,1
cinquantes,1
molovotv,1
grra,1
brigantes,1
piques-niques,1
quise,1
vers'ras,1
pío,1
arthena,1
vicére,1
sappeur,1
nine-one-one,1
fonky-tacchini,1
décla-asse,1
ffe-ki,1
dio,1
fati,1
ke-shné,1
amg'zer,1
taghmaoui,1
sâle,1
momostre,1
mamanw,1
nois-chi,1
c-tru,1
cheloues,1
sehour,1
manaro'-ro,1
teur-men,1
deçois,1
mdr,1
kunta,1
rosny,1
crom,1
trois-verres,1
oukhti,1
ha-ha,1
pêcheresses,1
gambinojetski,1
particolare,1
aaaaaah,1
yesrqou,1
sahas,1
garges-les-gonesses,1
regine,1
vwayou,1
jvois,1
kuda,1
nqnt,1
fiou,1
rillette,1
ia-kes-ki-ki,1
tchpaou,1
lahssa,1
reunz,1
tés-ci,1
gardes-champêtre,1
illes-cou,1
umtiti,1
rapelles,1
chim,1
sidiki,1
gra,1
ratterais,1
frais-vallon,1
rocquencourt,1
emmeneras,1
agachon,1
lorsqu'une,1
portoricaine,1
détal,1
biеn,1
caricias,1
rebranche,1
commi,1
reu-frés,1
bicchieri,1
mont-mesly,1
cainf,1
keins,1
lantou'y,1
heuriène,1
dutroux,1
tchek,1
trap'n'roll,1
tiozzo,1
niouf,1
teurinspec,1
taf-taf,1
skaogang,1
carbozo,1
temenik,1
heung-min,1
echando,1
anti-pédé,1
toriyama,1
bioman,1
bye-bye-bye,1
tranquila,1
trei,1
desliza,1
negan,1
boul-dé,1
nrj,1
ralam,1
sak,1
congo-brazzaville,1
prennait,1
anti-blanchisseur,1
jlui,1
gars-là,1
doumba,1
frappe-zer,1
lеs,1
seria,1
anxiolytiques,1
blacki,1
khwane,1
bonneuil,1
garda-à-v,1
poder,1
jdas,1
paredes,1
weytih,1
bre-li,1
ayo,1
blakos,1
jeu-là,1
inarretables,1
cromagnon,1
meknasi,1
imperalismo,1
boughanem,1
tdm,1
queuleuleuleu,1
sereno,1
cs-truqui,1
ffe-bi,1
pierrefitte,1
clébards,1
maïté,1
millilitaire,1
controlo,1
oumbaâd,1
viciеux,1
alaf,1
billay,1
bédav,1
cosiyoné,1
ormesson,1
dogg,1
ouhlalala,1
zamel,1
aaassse,1
youpiyoup,1
sadek,1
quartiere,1
azeulai,1
siembra,1
real-barça,1
traoré,1
chinbi,1
yaghdrou,1
calinta,1
profène,1
rech,1
snep,1
sous-sous-sous-sous-sous,1
danz,1
arbi,1
ebele,1
mini-monde,1
lak-po,1
blémes-pro,1
minguettes,1
asé,1
flyers,1
coro,1
baconnets,1
désappes,1
jaqueter,1
conexión,1
co-opté,1
victimises,1
nwa,1
conoce,1
fouffe,1
claquette-survet,1
ché-cou,1
ke,1
ladji,1
grah,1
grégorio,1
charentaise,1
camme,1
nes-jeu,1
skuurt,1
anti-bdh,1
nnais-co,1
rainté,1
img,1
demás,1
cryptie,1
niksi,1
que-ba,1
seu-di,1
hna,1
rents-p,1
crossfit,1
caba-jj,1
tappe,1
bou,1
wala,1
pénos,1
fouine-mobile,1
ne-ski,1
doflamingo,1
mals,1
skyé,1
vitriot,1
années-lumières,1
cellophane-la,1
by-bye,1
habéttes,1
f'sais,1
égui-ise,1
milimètres,1
btg,1
haaaa,1
bouffeurs,1
al-baïdaa,1
arbouch,1
doukkali,1
porti,1
mé-cra,1
re-rentrer,1
belgiumvie,1
gpg,1
shabi,1
off-white,1
crois-pas,1
animalsons,1
zemah,1
busco,1
valibou,1
bagari,1
dites-lui,1
boubacar,1
mickael,1
xzibit,1
popopolopop,1
flêche,1
ah-ah-ah,1
bou-bou-bou-bouh,1
disquetteurs,1
perquise,1
cera,1
forse,1
figus,1
decisivos,1
ego-trip,1
complicado,1
zonzs,1
pssh,1
yeu-cou,1
gées-chan,1
sal-zer,1
magloire,1
provenzano,1
bazoocam,1
moov,1
draaaah,1
nowmalman,1
stogo,1
pobre,1
lamzo,1
gre-nè,1
machtoc,1
noumou,1
roshima,1
desaxés,1
bléme-pro,1
locs,1
machtok,1
ma-asse,1
rue-rue,1
dicidente,1
rjacksprodz,1
jbeds,1
arra-ache,1
graffent,1
tit-peu,1
bah-bah-bah,1
pequ,1
aerschot,1
ecris,1
lise-va,1
los-sa,1
deuz,1
ghettonaufragé,1
testarossa,1
gué-dro,1
she-ha,1
iguette,1
dragbacks,1
yhrek,1
pulco,1
néka,1
bois-l'abbé,1
hlass,1
compro,1
nahnah,1
yous-voy,1
plk,1
igd,1
moboutou,1
chabrulet,1
sheboni-sheboni-shebonidas,1
sder,1
ragnagnas,1
bibax,1
presente,1
vai,1
gwo,1
fedor,1
chão,1
heuresement,1
bikow,1
arrisco,1
decole,1
rali,1
quién,1
khaltou,1
te-cô,1
teurs-inspect,1
ces-tru,1
ffes-ta,1
bimbadaboum,1
orager,1
lugares,1
dang'reux,1
llah,1
futón,1
sage-vi,1
pfffff,1
yefuckah,1
ri-pas,1
aleïkoum,1
sidiko,1
fistent,1
keita,1
gir,1
jdida,1
lucho,1
crave-bi,1
recalmé,1
ouuuuuuh,1
sakakini,1
cesslard,1
î-île,1
zentend,1
pelle-pelle,1
faux-payeurs,1
jacteur,1
sullyvan,1
ra-rarement,1
parechoc,1
f-doumam,1
flava,1
ré-pleu,1
négrières,1
whiska-as,1
marithé,1
storey,1
jamás,1
guêt-appens,1
apu,1
wara-mugi,1
charlés,1
_tu,1
hacess,1
vou,1
xxxx,1
six-six-seven,1
relaxante,1
invece,1
dōmo,1
mеs,1
cj,1
tres-uncho,1
guadaloupé,1
blеssures,1
podem,1
baissse,1
alparys,1
pasó,1
papada,1
ram'ner,1
garette-ci,1
hassanetes,1
lelbi,1
r'taper,1
chamakh,1
zonе,1
bcm,1
en-haut,1
jit,1
todos,1
belehni,1
kabouz,1
rocheteau,1
rarifient,1
chardonné,1
adé,1
séba,1
defff,1
nhess,1
bien-com,1
_y'avait,1
lévent,1
clk,1
pousados,1
integra,1
emozione,1
envoles,1
mh,1
ffer-ta,1
têtes-à-têtes,1
oko,1
moulos,1
goûtu,1
naki,1
saffaq,1
haaaan,1
lacosté,1
bolognaise,1
houss,1
propostas,1
f'sant,1
saluteé,1
poissonniеrs,1
bompaient,1
caldo,1
procs,1
heppet,1
quizá,1
ridim,1
haute-mer,1
amanecemo,1
inquietes,1
invisble,1
porcinet,1
croma,1
ter-sau,1
riinà,1
zlot,1
wintour,1
mallaury,1
anti-hess,1
iep,1
valstar,1
greygoose,1
lévêque,1
dealons,1
pequeños,1
élastiquées,1
saza-laza-m'alikoum,1
porte-feuille,1
einss,1
spector,1
cher-ra,1
karlito,1
assomer,1
trezz,1
t-effri,1
se-cri,1
temps-plein,1
congrés,1
aquel,1
chibres,1
dí,1
moutakala,1
fistoune,1
p'tis,1
moneytime,1
galle-pi,1
schlasses,1
laurentfabius,1
zamal,1
pak-pak,1
lakhdar,1
fouq,1
hachem,1
pouki,1
koumar,1
chagasse,1
pokora,1
_maintenant,1
rahmou,1
abusón,1
neuf-trois,1
bail-ail-ail-ail-ail,1
timiniks,1
ness-biz,1
molement,1
auproux,1
mougou,1
iaps,1
chiama,1
déscolarise,1
visserr,1
razzoli,1
dreamcast,1
cesc,1
wilmots,1
klaoui,1
mej,1
ralayou,1
féca,1
chôme-du,1
pont-de-sèvres,1
_et,1
cumple,1
a-d'ar,1
gen-ar,1
uchiwa,1
o-pérationel,1
hendek,1
ndeye,1
lend'main,1
sozinho,1
surinamien,1
akhy,1
meda,1
grrra,1
paraitre,1
_le,1
jonqu,1
fa-ace,1
strangu,1
bosniaques,1
epona,1
poukaves,1
melodyne,1
famiglia,1
viara,1
recapte,1
saint-maur,1
giornale,1
tou-tou-tou-tou-tou-tou-tou-tou-tou-touah,1
flicailles,1
frontiere,1
squillare,1
r'connaît,1
giroud,1
riri,1
bruen,1
darwaw,1
cri-ise,1
morbacs,1
journer,1
ange-gardien,1
respeto,1
bouillave,1
re-vè,1
cokées,1
makalister,1
cambutteurs,1
ihatelove,1
metrrai,1
bisc,1
sniffeurs,1
teurs-inspec,1
fraise-kiwi,1
ouc,1
matata,1
andando,1
sangc'est,1
gire,1
défouraille-le,1
mermoz,1
on-s,1
te-cla,1
charaf,1
byle-ka,1
sеulement,1
dieudo,1
josman,1
jprefere,1
dsu,1
sse-pre,1
québra,1
prêtе,1
hilti,1
storch,1
philleas,1
sifax,1
follasses,1
pokémon,1
rrain-woah,1
byakugan,1
bsahtou,1
le-par,1
xe-te,1
anti-aérienne,1
sеul,1
rohingyas,1
cliquant,1
spoilé,1
malaki,1
taba-asse,1
garges,1
bratans,1
barbeur,1
rhout,1
destino,1
tann,1
hchouma,1
chhhh,1
akram,1
pocke-cke-cket,1
raah,1
tzateul,1
r'sorti,1
yahkiw,1
bordilles,1
karmasutra,1
récupe,1
salvatrucha,1
pf-pf,1
bourrely,1
nagui,1
adecco,1
francе,1
mythonné,1
darty,1
téléportent,1
cuillière,1
noiche,1
mois-ci,1
dealais,1
steak-frites,1
streetlife,1
contrе,1
teu-teu,1
ppy-ha,1
ste-vé,1
be-jan,1
hatays,1
koppbiwan-kenobi,1
raphy,1
exactamente,1
chekib,1
mamá,1
fft,1
la-uic,1
po-pou,1
éh,1
madinina,1
teu-shi,1
zanmi,1
khoula,1
cher-lâ,1
loucedé,1
antarès,1
jamaâ,1
bilaye,1
ilicites,1
apès,1
bappé,1
marabouté,1
full-up,1
esceus,1
evariste,1
bre-lic,1
delanoé,1
ébeniste,1
distrib,1
évade-vade-vade,1
boissard,1
passe-leur,1
lance-grenade,1
denflo,1
corticoïdes,1
khlayou,1
sopram'baba,1
ye-sky,1
stanno,1
xxème,1
bou-bou-bou-bou-bou,1
likma,1
bataradés,1
cheezy,1
guèsh,1
cheuu,1
parrait,1
soul'vé,1
denja,1
quatres,1
xanax,1
el-cheikh,1
puertas,1
larousso,1
yl,1
socio,1
bim-bim,1
credevo,1
skred,1
giz,1
lo-lo,1
omnibulé,1
edinson,1
démoliton,1
modifs,1
jacté,1
babord,1
pahh,1
lumidee,1
hacía,1
mmmh,1
demi-vrai,1
elhamsa,1
cayou,1
tron-pa,1
lamotta,1
terre-par,1
bazin,1
rama-asse,1
djezzy,1
dales-pé,1
çon-gla,1
bien-sur,1
beber,1
taudits,1
li-ille,1
que-tro,1
go-wow,1
ih-ih,1
pareballe,1
yaska,1
hallus,1
quel'qu'chose,1
shrabbisme,1
tigen,1
lahram,1
casse-couillе,1
niaksage,1
matrixe,1
pénu,1
pétit,1
pastore,1
an-sse,1
ryuji,1
belle-pou,1
caprio,1
gueush-la,1
gue-din,1
pour-cents,1
dentro,1
tryna,1
rappait,1
nelle,1
feliz,1
kiff-kiff,1
happy-endings,1
pri-ix,1
lo-ki,1
metido,1
hatik,1
rechewché,1
under-test,1
rara,1
keskon,1
bisou-bisou,1
oigt-d,1
febreze,1
hadju,1
zarre-bi,1
sangoku,1
chette,1
smirnov,1
haaland,1
gravo,1
exelero,1
aimécésaire,1
skyblog,1
ry-fleu,1
maitika,1
reu-ssœu,1
cha'ad,1
ongaku,1
dépucèle,1
stre-mon,1
djreuh,1
balek,1
canteloup,1
frappade,1
goument,1
hassanettes,1
brulées,1
belleck,1
falli,1
eclatent,1
ma-mâle,1
_dans,1
multistrada,1
parce-qu'on,1
bil-na,1
motema,1
a-de-men,1
malement,1
casillas,1
obnubilises,1
pines-co,1
tchaguas,1
bissap,1
dziri,1
tis-gra,1
mismo,1
gol-mon,1
,1
meler,1
quer-ni,1
padré,1
orlinski,1
belleza,1
parc'qu'après,1
lluvia,1
naces-me,1
diss,1
buyten,1
relous,1
watcha,1
nachave,1
soninkés,1
r'parle,1
khleh,1
digitalova,1
bés-tom,1
papounet,1
ssé-pa,1
gillou,1
shtah,1
yo-yos,1
r'gard,1
fleugi,1
flacher,1
mé,1
jacquie,1
teubè,1
arréte,1
wyclef,1
ché-mar,1
ch'mise,1
boul,1
aurier,1
yema,1
timinics,1
sson-boi,1
antipop,1
ex-femme,1
œur,1
a-cappella,1
re-shta,1
ouh-ouh,1
maitrise,1
piew,1
cerradas,1
manœuvrons,1
née-jour,1
aps,1
odo-wow,1
comigo,1
feraits,1
impec,1
allumеtte,1
coko,1
refre,1
ouisla,1
slaik,1
effica-ace,1
hadna,1
caminhos,1
mesmo,1
faux-culs,1
the-men,1
tchoupes,1
dé-vi-er-ger,1
multifonctions,1
ärsenik,1
teu-bés,1
bifle,1
lasco,1
degeu,1
mic-mac,1
tize,1
butu,1
verali,1
gêle,1
bri-ise,1
ché-lâ,1
niker,1
konnen,1
sagat,1
jveux,1
lacrizomik,1
holyfield,1
rébave,1
ber-ger,1
compèt,1
mo'vez,1
p'têt,1
fuengirola,1
bateau-esclave,1
ieri,1
selmik,1
dékiz,1
regarde'zer,1
hummmmmmmmmmmm,1
orlov,1
nahki,1
ç'n'a,1
mafiosa,1
recalmer,1
dupér,1
polopopop,1
condui,1
de-vi,1
pffffff,1
pe-pi,1
qtu,1
hassoulou-loul,1
mi-tеmps,1
rowjay,1
vaient,1
ak-,1
еn,1
maglite,1
essadesse,1
mirroir,1
biguiridingues,1
gts,1
teuh-teuh,1
desees,1
ex-copine,1
brams,1
haki,1
a-a-attention,1
sangue,1
kofal-maupassant,1
jacki,1
leklam,1
fumar,1
boom-boom,1
riiiit,1
megane,1
ex-escorte,1
besos,1
lecter,1
à-ce-qu'il-parait,1
slalomme,1
superflics,1
deuss,1
sinto,1
kekra,1
_j'me,1
rasbaille,1
faux-fond,1
télécharge,1
floutera,1
rhazba,1
amores,1
livin,1
fflelou,1
fissabilillah,1
selecto,1
haramos,1
févri,1
alik,1
boussah,1
win-win,1
mangerò,1
remour,1
insé-séparables,1
aïneur,1
canebière,1
adidasisé,1
palos,1
aleyk,1
féfés,1
kissman,1
psykatra,1
nasceram,1
fœtale,1
miskines,1
synga,1
mi-alien,1
caer,1
hiciste,1
cke-glo,1
exo-équipement,1
mortenol,1
pillon,1
voglia,1
iniesta,1
saint-michel,1
dé-con,1
gourrent,1
valentinos,1
lache,1
mapesa,1
di-gran,1
chirak,1
zah,1
cambuteurs,1
ske-kun,1
hé-hé-hé,1
pídeme,1
légumiser,1
tea-pêche,1
surcotés,1
guer-lan,1
bomboclat,1
obélix,1
vélizy,1
vеille,1
neuf-cinq,1
lartiste,1
z'hommes,1
fdp,1
jeremih,1
khoma,1
reums,1
deja,1
démé,1
vvvm-boom,1
sembrare,1
hessess,1
quavo,1
dià,1
vestax,1
khalé,1
lebras,1
œdèmes,1
tysonbraah,1
dehmo,1
esas,1
avanzo,1
michtonnent,1
falta,1
verratti,1
cuore,1
jok'air,1
kazkami,1
maqu'relles,1
zipettes,1
nique-pa,1
douanent,1
rango,1
secca,1
casi,1
molotova,1
secté,1
sicuro,1
qd,1
vener,1
hiers,1
lavezzi,1
car-wash,1
pe-pro,1
parango,1
paquito,1
des-blon,1
zac,1
gin-dé,1
rjacks,1
obstinaient,1
dе,1
geule,1
columbo,1
chee-eese,1
marqu'rait,1
mètre-carré,1
arrêtе,1
jcompte,1
cripteur,1
nerfs-nerfs,1
rappant,1
teu,1
europcar,1
ziguili-zone,1
capi-capi-capitaliste,1
stringué,1
ex-collègues,1
xa,1
kakashi,1
recuerdos,1
actifed,1
scato,1
traîtent,1
g-funk,1
suces-bite,1
f'saient,1
presso,1
meuj,1
brolek,1
iker,1
accetto,1
te-phar,1
macbessa,1
bst,1
parach-ch,1
gilou,1
sayd,1
pakatou,1
neuër,1
bebecita,1
feiyue,1
pimousse,1
gennnndarmes,1
ratatatatata,1
checké,1
perquiz,1
younania,1
hamidou,1
drive-by's,1
kfcisé,1
vui-i,1
che-bi,1
pensando,1
quería,1
skenawin,1
ç'me,1
marocco,1
glc,1
mallonge,1
minchia,1
makélélé,1
hasser,1
urinés,1
cono,1
déboîte-boîte,1
mann'quinat,1
an'c,1
taffranchis,1
saka-saka,1
racllis,1
tchika,1
gouter,1
nécrophiles,1
messa,1
garave,1
suuuce,1
tou-rou-tou-tou,1
foure,1
yemek,1
r'commence,1
bentleys,1
wo-ouh,1
star-système,1
ofrezco,1
roloto,1
plaf,1
coudières,1
frèguere,1
braquos,1
apartado,1
bendo-bendo,1
entre-suce,1
désapé,1
five-o,1
drmz,1
ais-ais-ais,1
geppeto,1
frolo,1
arri,1
winspector,1
paw-paw,1
exki,1
mélie,1
best-best,1
okimi,1
a'ight,1
tter-gra,1
halem,1
relaxados,1
partouche,1
enfait,1
ch'pa,1
lim-sa,1
d-f,1
paganne,1
mélanclique,1
daïland,1
sernam,1
psahtek,1
niro,1
è-ç,1
cours-cours,1
toz,1
té-con,1
sbahh,1
va-y,1
wahh,1
kingze,1
corría,1
chartsent,1
gaté,1
fofolle,1
tre-ven,1
compte-goutte,1
nicoumouk,1
opps,1
vodka-gingembre,1
touh,1
whats'app,1
baing,1
sousous,1
putе,1
flowzer,1
anti-collier,1
nais-co,1
patchs,1
schmetas,1
yen-cli,1
marmeler,1
parado,1
felfel,1
tener,1
préssé,1
essone,1
seleçao,1
frosties,1
doliprane,1
espetáculo,1
ouette,1
fizi,1
tkabar,1
barbossa,1
dans-dans,1
pro-rebeu,1
r'viennent,1
heinekein,1
sou-tif,1
bzezouls,1
hein-hein-eh,1
wenger,1
tchuss,1
r'vends,1
niary,1
boumediene,1
belbel,1
platinium,1
genkidama,1
be-teu,1
milouzi,1
guinte,1
tes-car,1
thiéb,1
ahahahaha,1
lossa-de,1
hauts-d'-seine,1
doguiner,1
ki-kilos,1
trainée,1
detesté,1
jusqu'a,1
esh,1
afro-américains,1
bigfloguo,1
dos-wow,1
trap-house,1
prédir,1
bountykiller,1
incompresa,1
pillules,1
celebre,1
raí,1
glosse,1
sh-ca,1
tebè,1
sanno,1
profundo,1
six-o-nine,1
pietine,1
falsch,1
bastonné,1
tel-l'hô,1
cagouler,1
montanda,1
phasé,1
bon-port,1
té-fri,1
deuboukéhi,1
partido,1
doui,1
sers-t'en,1
fhemtni,1
premiare,1
djimi,1
brazzavillois,1
dja,1
wanksta,1
co-vaurien,1
ver-soule,1
çons,1
donnes-leur,1
co-piloter,1
kahlouches,1
broskis,1
survets,1
kifferaient,1
fucka,1
meknessi,1
bouuum,1
mi-sataniques,1
elle-elle,1
taime,1
sous-scellée,1
casin,1
oukhzour,1
thadeum,1
hobbie,1
pine-co,1
sénégalo-bc,1
saccag,1
inquiete,1
vénézuéliennes,1
gisants,1
essonnegeles,1
comoriens,1
conflitc'tte,1
wahed,1
barages,1
cocards,1
boulards,1
fouffé,1
recolecta,1
ryu,1
pispa,1
coachée,1
tabasseurs,1
michtonnaient,1
beli,1
khatar,1
amadi,1
kabouss,1
ambiancé,1
tites,1
frèrеs,1
cantinent,1
ne-pei,1
shit'zer,1
cе-fran,1
emoção,1
zaza,1
ahwc,1
alikoum,1
brici,1
dombasle,1
kharai,1
enjailler,1
jumpman,1
soniarykiel,1
iapsi,1
andas,1
traqua-ace,1
a-a-aribeatz,1
soulards,1
driddy,1
dalla-la-las,1
giuro,1
enculera,1
te-ffri,1
rocancourt,1
montain,1
khra,1
kickage,1
aún,1
laga,1
belaire,1
qué-cho,1
raquettent,1
zot,1
dicono,1
tazzer,1
rebarre,1
toujour,1
afid,1
chiesa,1
ragrin,1
seiz,1
cauch'mar,1
shmiture,1
ipupa,1
_de,1
il-te-plaît,1
yeus,1
ainés,1
marsupilami,1
vroum-vroum,1
re-shtas,1
rif-shé,1
qamis,1
jwen,1
peau-ño,1
economie,1
nourir,1
briqui,1
vedi,1
umbro,1
mannschaft,1
reum'zer,1
ghettoïsés,1
yeah-eh,1
phones-tel,1
vertigem,1
boulehyette,1
r'montent,1
malfra,1
kojima,1
casta,1
r'gardé,1
memoria,1
iw,1
jeci-jess,1
ziak,1
anti-pointeur,1
r'tournent,1
stany,1
mizene,1
commande-mande,1
bre-mor,1
evapora,1
doubi,1
saly,1
fraterni,1
demi-litrons,1
triple-sept,1
friques,1
shebonidas,1
be-tom,1
batir,1
teu-chi,1
kaza,1
solamente,1
levano,1
lomsou,1
parce-qu,1
mãos,1
lescaut,1
feuer,1
bipolarisé,1
glock-euh,1
citystade,1
nik'zer,1
skuuurt,1
touah,1
dée-blin,1
pagave,1
ens-g,1
tec's,1
thalys,1
chicher,1
r'forçais,1
fouquet's,1
rapp,1
mousso,1
almohada,1
ooohh,1
ozo,1
éspére,1
p-ra,1
leghna,1
wehda,1
ruskove,1
merah,1
armi,1
pèterai,1
fuckent,1
lérave,1
joli-ie,1
gooment,1
chanteloup,1
cimer,1
pido,1
marcadet,1
boboche,1
copeck,1
auto-fellation,1
on-m'a-dit,1
ladydiana,1
là-d'ssus,1
swaaah,1
non-censuré,1
ormai,1
paris-nord,1
cher-cra,1
veintinueve,1
jsais,1
noi-ch,1
timbaland,1
schtard,1
soupoudrée,1
blé-trem,1
esquecido,1
koshi,1
tèce,1
jet-laggué,1
douk,1
ospitale,1
miliers,1
ikbal,1
corsico,1
appat,1
montre-leur,1
pochtars,1
yakalélo,1
gneugneu,1
dealent,1
vieni,1
bicravais,1
k'-skun,1
wodoo,1
tefa,1
ahogarme,1
jmaigris,1
der-suici,1
rz,1
not'train,1
pornhub,1
douaas,1
espingouins,1
alo,1
patos,1
sses,1
motherfuckin,1
aumarey,1
jperd,1
sos-k,1
gang-bang,1
garavent,1
clm,1
maneslhoush,1
indérnes,1
bee-gees,1
fonseca,1
rapée,1
auxi,1
i-i-i-i,1
swaah,1
quils,1
renda,1
assistiram,1
inspir,1
keumés,1
mahboule,1
zèh,1
jan-tana,1
amady,1
kost,1
evidemment,1
casse-croûtes,1
kifferait,1
moula-la-la-la-la,1
teufs,1
lous,1
king-kong,1
zedia,1
vé-sau,1
mme-fe,1
olaskurt,1
jemaa,1
ttes-cha,1
ré-investir,1
bicravez,1
bourimech,1
souli,1
lío,1
goloizer,1
obstines,1
do-bé,1
bpl,1
illet-b,1
seyté,1
rincif,1
stah,1
pich,1
appercevant,1
reedz,1
sagavent,1
houssein,1
geois-bour,1
kha-woah,1
worldcup,1
labitid,1
kokaté,1
tip-top,1
r'gagner,1
racaillerie,1
radicaliste,1
gotti,1
ap-s,1
wer,1
que-se,1
peligroso,1
desssus,1
ouhad,1
delinquance,1
ma-néci,1
s-kal,1
sac-à-dos,1
taferra,1
footsal,1
beaumette,1
poquito,1
boubouboubou,1
harisson,1
bri,1
pro-black,1
zère,1
thama,1
aiе,1
avi-iv,1
página,1
hloucha,1
vié,1
femen,1
entraine,1
sirve,1
égos,1
ieuvs,1
enamoraste,1
reconnaitrais,1
hassol,1
performe,1
fallais,1
r'présente,1
felicidad,1
gsp,1
démos,1
hundió,1
boîtant,1
zboub,1
luffy,1
su-sully,1
crapulax,1
rgt,1
teushmis,1
naâmlou,1
faires,1
gos-wow,1
vondutch,1
necesitas,1
anti-juif,1
caliméro,1
lleve,1
halilhodžić,1
feukeus,1
neuch,1
comisaría,1
rw,1
vi-ide,1
conss,1
sectеur,1
mitar,1
di-ise,1
hice,1
bla-az,1
cartman,1
etais,1
octo-pussy,1
seuf,1
breit,1
zoum,1
ga-gazo,1
saint-anne,1
phéromones,1
bruxellesvie,1
kouzy,1
kilmer,1
mer-fu,1
connaitras,1
shmetta,1
draaah,1
péquete,1
vevo,1
tchoutches,1
keuf-keuf,1
suppr,1
kendji,1
sahabi,1
bravon,1
likolo,1
campare,1
pala-ace,1
khams,1
te-rou,1
nosotros,1
ge-pi,1
sempre,1
belax,1
gnards,1
g-av,1
lindos,1
karachika,1
keu-skon,1
mi'-fa,1
vieux-port,1
foutéy,1
hawa,1
nnes-chiè,1
khabta,1
messiha,1
schlinguait,1
heyo,1
convivium,1
bounia,1
rette-ba,1
mfaut,1
jvoulais,1
bizon,1
ché-tou,1
zyeute,1
fío,1
kickes,1
deriiere,1
débons,1
cai-fran,1
hécess,1
dé-kis,1
sé-ra,1
multiplatinium,1
abbat,1
chocolope,1
barrer-barrer,1
ayaye,1
breliqué,1
rrrrrk,1
peixes,1
kémi,1
mouillents,1
ar-sauvage,1
kishtas,1
quet-pla,1
demi-kil,1
r'partis,1
jammabeats,1
féri,1
go-va,1
muerta,1
bzezel,1
winnin,1
més-cra,1
potеs,1
ki-woah,1
lèbeuss,1
zblerx,1
zippete,1
brelica,1
nrm,1
charbonner-bonner,1
zess,1
rab-za,1
arki,1
hardcor,1
cеtte,1
psys,1
tidiani,1
ch-ch,1
acp,1
nir,1
eclate,1
cliquot,1
amiri,1
damsohizé,1
teill,1
pré-roule,1
r'présentes,1
dutrou,1
republique,1
bas-bas-bas,1
patchenga,1
mamade,1
nrouh,1
grindé,1
sanson,1
ta-tasses,1
calmo,1
anti-tapettes,1
srilankais,1
foye,1
soir-là,1
gui-gui,1
ché-per,1
chupa,1
vr,1
weezy,1
keus,1
trappait,1
slimani,1
machés,1
pide,1
graill,1
alaoui,1
tekken,1
https,1
répèterai,1
r'ssens,1
lberlingot,1
grettes,1
me-ra,1
ly,1
derch,1
monzas,1
dépot,1
psahteck,1
linx,1
squée-mo,1
ton-bâ,1
impressione,1
minotaures,1
dawgz,1
hatent,1
еmbêter,1
pet'hayce,1
harbi,1
flooow,1
fonce-dés,1
chéf-la,1
batshuayi,1
almadies,1
cadena,1
kékés,1
frére,1
fomouk,1
amou-ou-our,1
disque-dur,1
shlassé,1
rakitić,1
puch,1
sheytan,1
ramatoulaye,1
jantar,1
tobserve,1
bicrav,1
hughze,1
sevrannais,1
immi-immiter,1
réti,1
rassu-ssure,1
paillaisson,1
bés-chtar,1
stock-ma,1
jean-mi,1
che-chen,1
swag'zer,1
bech,1
fuerza,1
ancelotti,1
vate-sa,1
raloucha,1
thiago,1
yeah-eah-eah,1
dmarmitte,1
terre-mère,1
payеra,1
collinet,1
sers-lui,1
balaises,1
calfute,1
auds-ch,1
daesh,1
rappez,1
baka,1
pes-cli,1
kala-kalashnikov,1
wassap,1
tite-pe,1
gazs,1
gens-là,1
zapperont,1
éthopée,1
kher,1
abarth,1
ienclar,1
zga,1
svp,1
sеcoué,1
vitalis,1
bzezs,1
denisot,1
milionnaires,1
lances-ba,1
ness-bui,1
mobi,1
mesié,1
fais-lui,1
a-r,1
gachent,1
camtar,1
essone'geles,1
boosté,1
siamo,1
locksé,1
españa,1
relmo,1
kway,1
komarov,1
enculeurs,1
resentiments,1
niarry,1
batmans,1
didierdeschamps,1
dugarry,1
ient-ient,1
chiheja,1
shox,1
choufs,1
bookeur,1
rres-pie,1
rompió,1
champtier-du-coq,1
guigui,1
heey,1
sques-d,1
mehzouzs,1
akwaba,1
ppe-woah,1
tainp,1
vegedream,1
fouré,1
represento,1
djej,1
pointu-r,1
makita,1
très-très-très,1
skillz,1
encule-le-le-les,1
meuff,1
taqra,1
engrainage,1
ou-s,1
cavalli,1
gradi,1
maf,1
peq,1
trets,1
puisqu'il,1
gataga,1
fic-tra,1
moina,1
'pense,1
elyo,1
niquеr,1
jrentre,1
bik,1
pepes,1
cheuf-la,1
paracetamolo,1
buakaw,1
regeuz,1
bien-sûr,1
zahbi,1
kiffs,1
servietsky,1
ughh,1
surendetté,1
tac-tac,1
bailamos,1
kx,1
abime,1
sse-cla,1
zolaski,1
beija,1
touroutoutou,1
mala-la-de,1
shmetas,1
bobo-wow,1
nhel,1
auto-tunées,1
debbouze,1
ufc,1
faveaux,1
charolles,1
bahama-as,1
margela,1
romanzo,1
ahhhhh,1
roccos,1
ter-co,1
entasse-tasse,1
quoiqu'tu,1
guccisé,1
guytoune,1
robert-debré,1
venches-per,1
p't-êt,1
osi,1
ky-fun,1
coup-ci,1
ldo,1
zoba,1
fais-ais-ais,1
rackettes,1
busta,1
kwer,1
désaouler,1
goros,1
cair,1
te-chi,1
cistes-ra,1
volvic-fraise,1
sques-di,1
siques,1
bouill,1
de-zé,1
gosse-beau,1
cité-é-é,1
bumboklaat,1
nekmyou,1
ba-ba-bah,1
doutе,1
año,1
brolické,1
soule,1
tir-par,1
passi,1
losanalosa,1
longchamp,1
disparaitre,1
youni,1
dé-t-r-esse,1
half-moon,1
ideias,1
serpillère,1
nègro,1
arretent,1
lejos,1
prefet,1
geushs,1
ge-pla,1
lacostés,1
gisent,1
nunchak,1
nazee,1
que-tur,1
lehssa,1
frénésiе,1
grünt,1
guer-dra,1
ce-chan,1
hela-as,1
takou,1
abrir,1
bugattiser,1
soobénéfice,1
cheloue,1
kourtney,1
po-pow,1
sadio,1
deseo,1
throwin,1
futin,1
rappaient,1
sympas,1
milli-millimètre,1
méd'cine,1
ahi,1
kiffait,1
guettage,1
herzégovine,1
te-trai,1
patien-ter,1
entretue,1
voluptes,1
nomebo,1
trève,1
cresço,1
seré,1
benihana,1
matuidi,1
bajo,1
yey,1
flic-flac,1
louis-vi,1
se-pha,1
monte-cristo,1
narsheitan,1
ahora,1
bu-bu-bu-bugguais,1
resiste,1
batiments,1
jtire,1
jusq,1
passat,1
astérohache,1
aahhhh,1
calles,1
zdéh,1
masaï,1
traînе,1
canon-scié,1
soprambaba,1
fonsdale,1
ler,1
darwaah,1
rect-di,1
re-cui,1
salastr,1
milla,1
cow-boys,1
northside,1
r'part,1
veu-rê,1
tromatiz,1
keu-mé,1
seleman,1
ovomaltine,1
bétonneurs,1
zayra,1
dbzoo,1
tez-ma,1
eley,1
r'ssembles,1
célio,1
coração,1
gagne-pains,1
dé-sapé,1
mi-animal,1
ellе,1
stické,1
masseria,1
r'met,1
lci,1
finita,1
attèle,1
ce-sau,1
décra-asse,1
cazal,1
cunnis,1
sheubo,1
nah-nah,1
fía,1
seine-st,1
konet,1
ziou,1
encendre,1
mamène,1
goûte-dé,1
kaïo,1
st-tropez,1
tchiken,1
r'caler,1
profesor,1
bicêtre,1
gilera,1
ques-tru,1
pah-pah-pah-pah,1
mi-monument,1
msn,1
top-modèles,1
thuga,1
zdèh,1
lanez,1
ciеl,1
messaoudi,1
temps-là,1
cellera,1
starsky,1
tchac,1
anti-dépresseurs,1
dyf,1
récuperer,1
mito,1
eps,1
re-pier,1
pento,1
ter-ma,1
aand,1
reggaeton,1
v'nais,1
stilday,1
yeghdrou,1
puit,1
yaya,1
déscolarisé,1
nejau,1
blеd,1
bafa,1
syfilis,1
cariño,1
diagana,1
pa-pa,1
sse-fe,1
rouge-noir,1
riina,1
kendy,1
kalach,1
che-arra,1
dioulasso,1
mitarisé,1
scooby,1
vra,1
ze-zer,1
black-mo,1
pa-pa-pam-pam,1
tiempos,1
braa,1
parrington,1
si-sidi,1
simo,1
mmes-g,1
re-tou,1
rappeuses,1
malekal,1
loveurs,1
monoï,1
danzo,1
hse,1
teushi,1
morreau,1
cerrado,1
manomboka,1
fahar,1
cainris,1
uc'zer,1
clooney,1
città,1
ttée-qui,1
facce,1
lourd-lourd,1
anti-couronne,1
ryders,1
diri,1
dou-é,1
r'vient,1
phillipe,1
fe-keu,1
bruler,1
égals,1
schtars,1
si'o,1
street-zer,1
niya,1
stoniar,1
audemart,1
cheese-burger,1
cómo,1
rikers,1
tricards,1
ge-ge-geo,1
kore-nichon,1
tiz,1
mekness,1
tou-ou-our,1
mec-là,1
paris-banlieue,1
tis-par,1
niquera,1
kofal-poutine,1
qin,1
fois-là,1
nette-ca,1
ex-boss,1
laquеlle,1
boom'in,1
benalmádena,1
iks,1
ske,1
brrh,1
lboulisse,1
tecktonick,1
karen-sama,1
bresom,1
chaka,1
jte,1
bafé,1
cher-tou,1
tracklist,1
rres-ve,1
jours-ci,1
pe-ssa,1
kaïs,1
abdou,1
bîmés,1
couvoi,1
cumplir,1
gia,1
batiment,1
vie-ser,1
ásia,1
hood'zer,1
tasaba,1
zubrowska,1
grandissimes,1
krikaliof,1
schenef,1
survissent,1
galla-la-las,1
sal-al-al-ale,1
imagino,1
rignon,1
mecqua,1
cocote,1
ratpis,1
freesbies,1
arigatō,1
dms,1
débrif,1
éléphangant,1
xany,1
gadé,1
featera,1
cinquante-ungun,1
zamzam,1
despe,1
pdrg,1
inchallah,1
varanda,1
bédavons,1
nehass,1
est-c'qu'elles,1
euh-b,1
stao,1
lappui,1
fractais,1
ca-ca-cave,1
fnac,1
kouba,1
henessy,1
sosé,1
porsherie,1
gé-bou,1
pupupu,1
orgullo,1
bataradi,1
qahrouni,1
yed,1
ston-ba,1
boîtent,1
imagen,1
kournikova,1
mboko,1
stupé,1
ilm,1
zb,1
mls,1
fue,1
croivent,1
hiеr,1
ur-e,1
cher-per,1
omme,1
ayayaya,1
somaliens,1
bagay,1
djmel,1
dlahem,1
ultralibéraux,1
skurrrrt,1
moque-que-quette,1
totò,1
ricch,1
frutos,1
corones,1
belvé,1
avre,1
kr-kr,1
demblé,1
bé-flam,1
rafaello,1
neguesha,1
ri-pou,1
balot,1
explique-leur,1
ouï-dires,1
leaké,1
ansia,1
âmago,1
listérine,1
a-compagner,1
sidaction,1
bsahtkoum,1
ésalut,1
estos,1
chht,1
r'volé,1
rabbatant,1
laârab,1
est-c'qui,1
mothafuckas,1
tchitchi,1
jell-o,1
blesh,1
trece,1
yhab,1
exs,1
yeaati,1
boucif,1
mseken,1
plaaace,1
concrèt,1
front-nationalistes,1
peugeuff,1
quedas,1
niama,1
vhr,1
tarmas,1
teuteuh,1
papaoutai,1
précau,1
équipe-type,1
blanqui,1
hassba,1
dass,1
grww,1
galérait,1
zenka,1
amendes-mendes,1
kipsta,1
clique'zer,1
atmoshpère,1
_propulse,1
saint-ouen-l'aumône,1
côtard,1
sapologue,1
ilu,1
wanania,1
oigts-d,1
houari,1
volè,1
tho-ph,1
couilles-de-bois,1
_l'excès,1
mejor,1
noches,1
smileyface'zer,1
bfm,1
vancani,1
marbe-be,1
naaan,1
empêch'ra,1
replaquent,1
ber-bar,1
teranga,1
blème-pro,1
cocaïnée,1
dé-blin,1
bardiya,1
veganisme,1
show-case,1
miolle,1
carimi,1
gеnou,1
maîtri-ise,1
pfouah,1
lbc,1
controllo,1
silliconées,1
patapoum,1
teu-ch,1
gués-dro,1
altri,1
justе,1
roo-roof-rooftop,1
traîté,1
stessa,1
bresil,1
tierkar,1
jet-pro,1
rétro-commissionné,1
chir-ba,1
falshe,1
ladys-boys,1
shu,1
çons-cale,1
clashs,1
vu-ca,1
khabra,1
fonse,1
lorsqu'elles,1
maxt,1
impostore,1
geh,1
be-j,1
sentindo,1
rupnol,1
cher-cou,1
raque-ba,1
yessay,1
settimane,1
me-ars,1
futs,1
pulga,1
lleu-cou,1
pépélé,1
marie-lou,1
j-lo-ïde,1
thadeub,1
ne-scè,1
poldo,1
pés,1
copiare,1
niak,1
gue-ta,1
harfli,1
guercif,1
_je,1
hai,1
égali-ise,1
que-cli,1
robinho,1
phoné,1
broliquer,1
ble-câ,1
jouie,1
bel'ep,1
y-yeah-y,1
estanquet,1
choupettes,1
kifesh,1
dégénérés,1
hagla,1
asmaâ,1
fékir,1
moika,1
r'cherche,1
checkait,1
stu-pe,1
matrixer,1
pechtar,1
paraîtres,1
wallay,1
tchouper,1
yen-clar,1
clando,1
touff,1
tchops,1
rozarme,1
chtarbés,1
anti-criminels,1
ieps,1
rosba,1
ra-ace,1
bolé,1
gaba-woah,1
parlottent,1
rent-pa,1
schnouffés,1
distel,1
fragi-ile,1
tazes,1
mgheti,1
afrika,1
polizia,1
cofio,1
viiite,1
posto,1
rajeul,1
cielo,1
i-igo,1
chette-ca,1
everyday-ay-ay-ay,1
jpourrais,1
niquées,1
gandja,1
ceu-sa,1
si-si,1
guinté,1
confiancе,1
baow,1
sub-zéro,1
encima,1
gurri,1
dejaste,1
est-c't'en,1
chose-quelque,1
sappe,1
behlah,1
lé-bru,1
ecstas,1
co-détenus,1
timiniké,1
broliquées,1
hous,1
madara,1
créteil-soleil,1
mogos,1
meugeuf,1
rassi,1
lacrizeotiekmek,1
hanout,1
_l'horloge,1
passate,1
vendiéndose,1
r'commandé,1
ver-esqui,1
cain-fri,1
gang-bangs,1
cppn,1
raclie,1
eh-eh-eh-eh,1
centre-villes,1
téj,1
michtonner,1
broly,1
häagen-dazs,1
défisc,1
outro,1
peuf'-peuf,1
mapouka,1
turn-up,1
regaine,1
kharba,1
soundiata,1
poukave,1
blaz,1
booska,1
demouy,1
estou,1
colégram,1
pleurt,1
arabrité,1
batignolles,1
mimie,1
gambasses,1
shе,1
cîroc,1
marbe,1
denia,1
quillent,1
ne-gu,1
warzone,1
tarté,1
standa,1
_merci,1
tartins,1
da-s,1
ze-zey,1
mehlich,1
hassanats,1
ga-garde,1
téléporte,1
p'loter,1
re-taille-dé,1
bellum,1
k-mer,1
releux,1
besse,1
fogiel,1
crik,1
félé,1
modèl,1
phili,1
hataye,1
mohamedlucas,1
sse-pa,1
postichés,1
désépère,1
epéle,1
incha'allah,1
fragin,1
toune-zi,1
en-encore,1
gang-gang,1
mojitos,1
tchok,1
chhhhhh,1
cabousse,1
naruto,1
foufounes,1
smhits,1
salâm,1
pouca-ca-ca-ves,1
avoirs,1
b-b-ben,1
elqowa,1
baltringué,1
tue-l'amour,1
el-fna,1
addad,1
hamammet,1
pétarifié,1
yqat,1
chеz,1
po-poster,1
tchéker,1
farti,1
chuchotte,1
impero,1
mè,1
r'gardent,1
eeen,1
biguiriflingues,1
selfie-fie,1
khaouf,1
ogu,1
rafalais,1
me-fil,1
skonk,1
deux-cents,1
koulhoum,1
seguridad,1
dsavoir,1
itali-ie,1
pickpo,1
retétété,1
shhh,1
pépèrement,1
ssé-pi,1
jeûn,1
té-ic,1
marsella,1
enna,1
tartin,1
bellidja,1
musica,1
raboule,1
est-c'est-c'est,1
tres-traî,1
à'l'heure,1
zora,1
routine-tine,1
maudous,1
neggez,1
blasto,1
elkhamesse,1
più,1
bilibam,1
tefal,1
khoudmi,1
loubouter,1
hayati,1
cass-déd,1
détrôneur,1
fratés,1
obstine,1
re-s,1
tte-gra,1
r'collé,1
fuf,1
paraff,1
soluce,1
rrra-ta-ta-ta,1
défauché,1
cdcc,1
dìn,1
céu,1
r'tenu,1
buscapé,1
brolics,1
aplé,1
ragione,1
smokent,1
gues-din,1
poussettе,1
vador,1
usrr,1
non-fictif,1
f-f,1
niole,1
emo-rap,1
rafalent,1
halam,1
b-a-c,1
pe-cou,1
radit,1
soir-même,1
jour-là,1
ne-chien,1
frappi,1
vissère,1
ciò,1
youngin,1
surcoté,1
tiki-taka,1
vuoi,1
jo-jo,1
snif,1
ytem,1
chacha,1
lpermis,1
brickell,1
sarkoz,1
taudit,1
galerien,1
seb,1
difool,1
hayaouanes,1
bas-monde,1
poliakov,1
mousska,1
préne,1
mbilas,1
akli,1
llave,1
paris-marseille,1
raloua,1
cros-mi,1
djo,1
fal,1
leané,1
ré-éteignent,1
kay-z,1
fonscar,1
jxn,1
vali-ise,1
sopik,1
chroms,1
prems,1
lycamobile,1
acquiesse,1
franchi-ise,1
gnar-charo,1
déguê,1
amsellem,1
wel,1
quatro-quatro,1
rifier,1
lahba,1
appresso,1
skeur,1
émilelouislaounizi,1
kurashifaido,1
keu-més,1
taittinger,1
pala-la-lace,1
que-man,1
re-tue,1
dilapides,1
eehhss,1
guárdalo,1
gambi,1
starfallah,1
esto,1
hatta,1
naël,1
mbélis,1
neg'marrons,1
konaté,1
sette,1
armoir,1
fc,1
phucket,1
soce,1
ue-t,1
assicurare,1
contenaire,1
tenenew,1
ze-on,1
arreglo,1
travs,1
koxie,1
ohhhh,1
doucouré,1
twapplife,1
funerale,1
mili-ah,1
soulayman,1
vacaciones,1
bitchies,1
limeil,1
boucantier,1
modie,1
dus-per,1
saîgon,1
woo-woo-woo,1
khmal,1
creí,1
dra,1
dcause,1
thieb,1
téléchargent,1
higo,1
caporales,1
két,1
pétous,1
flash-backs,1
marchito,1
zt,1
you-v,1
milly,1
chady,1
chauho,1
z-i,1
jmen,1
eu-j,1
ouais-ais-ais,1
delabel,1
biffton,1
ti-gen,1
impoli-poli-poli,1
sagna,1
perdrent,1
hada,1
youvoi,1
pourliches,1
harām,1
dedicasse,1
mwanga,1
narco-dinars,1
eres,1
breum,1
hahh,1
gwer,1
bum-al,1
stomy,1
camtars,1
montmirail,1
beuj,1
feu-jui,1
shnoks,1
ymak,1
woogatagaaa,1
anti-héros,1
te-plait,1
tanbghihom,1
chimiliquiti,1
ex-æquo,1
aulnay-sud,1
ba-ba-ba-baba-bail,1
rothshild,1
télécom,1
nikes,1
pollo,1
déviances,1
béda-da-da,1
esculturas,1
beny,1
rebouster,1
stillday,1
tfouh,1
bachelot,1
posso,1
pwen,1
malagangx,1
lasciala,1
me-came,1
téminik,1
dani,1
parach,1
girac,1
peura-peura-peura,1
rebeval,1
biguiribang,1
ze-trei,1
ranno,1
bi-iz,1
haa,1
himed,1
brrràah,1
dilaceradas,1
gueush,1
temps',1
psychote,1
bès-bar,1
aceto,1
coupette,1
alivor,1
everytime,1
nodo,1
sse-lai,1
manmaw,1
frèros,1
zappé,1
hchem,1
kweh,1
sellin,1
fais-fais,1
melbas,1
wled,1
deu-blé,1
tasspé,1
gucc,1
di-skao,1
groult,1
infréquentables,1
kodo,1
ct'putain,1
pee-wee,1
cálmate,1
charassss,1
prodz,1
youtubeurs,1
pakat,1
tempah,1
maitriser,1
zeubs,1
plutot,1
wiltord,1
schmitures,1
trêvе,1
jai,1
assale,1
comparin,1
terra-assee,1
belphégor,1
cuca,1
gomm-cogne,1
tie-quar,1
charvet,1
punta,1
jvesqui,1
z'ont,1
sta-ive,1
machakel,1
kité,1
keanu,1
balotelli,1
ati,1
phillipp,1
gal-sèn,1
scars-la,1
cristaline,1
zeille,1
tienda,1
r'grette,1
scharkle,1
woooo,1
pollos,1
fouteurs,1
río,1
maría,1
makala,1
chaudar,1
space-cake,1
lop-sa,1
hilla,1
scre-di,1
tweetent,1
mercos,1
ik,1
govas,1
olomider,1
oseillе,1
lusi-ine,1
cuando,1
ba-ba-base,1
voyent,1
klawi,1
guillis,1
starcky,1
six-coups,1
wiikiit,1
neuf-quatre,1
ghetto-chroniqueur,1
atlantise,1
pompelup,1
adal,1
tchiki-paw,1
lanzai,1
marlich,1
manicol,1
dzrie,1
shish,1
eul,1
boissy,1
tairas-pages,1
carambars,1
santosvie,1
affutée,1
kellogs,1
zaâma,1
cerou,1
aimе,1
oumi,1
brée-cam,1
baffeuse,1
nazione,1
djoko,1
perro,1
potté,1
peus-cli,1
choure,1
illictes,1
hennessy-y,1
soli,1
jcvd,1
ban-bang-bang,1
mili-mili,1
a-b-c,1
platéia,1
désintégrative,1
hedi,1
yamakasi,1
ais-s,1
prinzly,1
visère,1
acostarme,1
daouss,1
derozan,1
mi-menace,1
make-up,1
entretuer,1
qujpréfere,1
sisste-gros,1
pér,1
agan,1
guilis,1
ako,1
youssoupha,1
hassas,1
alalalah,1
recal,1
khami,1
decir,1
tro-mé,1
decouvrire,1
vlg,1
wech,1
termas,1
coluche,1
veulеnt,1
paliente,1
cinq-six,1
co-cocaïne,1
stromae,1
violencia,1
rainte,1
seums,1
pper-ra,1
starbuzz,1
assusta,1
accé,1
mesut,1
valere,1
hissam,1
keusdis,1
yahh,1
datejust,1
porka,1
bbbbbbb,1
feu-meu,1
chir-dé,1
e-mails,1
raincif,1
pac-man,1
abdeslam,1
tmeucha,1
tar-mi,1
boudoum,1
boussiah,1
kakarot,1
brilhar,1
apparts,1
célebrité,1
bij,1
fii-iish,1
habbo,1
tacti-ile,1
djihadistes,1
r'culer,1
franprix,1
lia-asse,1
di-ban,1
maldini,1
bi-bi-bizarre,1
baaaaaaail,1
barraqué,1
djobi,1
kawai,1
brouille-em,1
pe-ta,1
nouchi,1
riquelme,1
llenar,1
anti-shmitts,1
neskrou,1
nabilla,1
breli-ca,1
réglement,1
sevranais,1
suce-bite,1
fortuner,1
quem,1
pare-choc,1
tiniers,1
salvadoriens,1
moundouki,1
dalle-que,1
boîte'zer,1
so-per,1
babababa,1
gole-mon,1
ke-tru,1
empate,1
brilho,1
téco,1
right-right-right,1
libéro,1
mirinda,1
waye,1
assomant,1
schlassé,1
barbia,1
domandare,1
po-po-pah,1
igos,1
res-fre,1
sampedroiser,1
bolémvn,1
teu-cha,1
intérimer,1
tites-pe,1
pé-sa,1
digas,1
henout,1
setif,1
m-a-d-m-a-x,1
midi-midi,1
d-d-di,1
scal-pa,1
él,1
centimes-times-times,1
comin,1
velleda,1
ges-piè,1
beez,1
nes,1
semi-tarif,1
b-b-b-back,1
potes-ca,1
r'n'b,1
pulam,1
tamba,1
sticks-sticks,1
aller-r,1
creverais,1
cyber-levrette,1
fuire,1
o-h,1
sangcho,1
champigny,1
mou-woah,1
pidaras,1
secoue-secoue,1
intellos,1
mortadon,1
isf,1
refletir,1
charcleur,1
maltraitances,1
résoud,1
té-sau,1
chakal,1
ghourba,1
enjaillait,1
couches-tard,1
non-coupable,1
dodi,1
cro-ma,1
part'naires,1
dpgc,1
tériel,1
lubri,1
scusi,1
zeu-di,1
frontiére,1
brabus,1
wati-b,1
p'tetre,1
se-woah,1
kifferais,1
beubeu,1
raclots,1
trappé,1
de-z,1
tiép,1
lacrizeotiekmec,1
djazaïr,1
passe-lui,1
gavos,1
quando,1
madesu,1
técla,1
riеn,1
ness-busi,1
lannister,1
rebaise,1
calins,1
nichen,1
lewled,1
vaffanculo,1
ya-ya,1
gé-man,1
koh-lanta,1
hamdouli'allah,1
peco,1
yo-o,1
qué-man,1
souv'nirs,1
per-cou,1
varadero,1
mürat,1
esketit,1
koma,1
chichos,1
endémol,1
forza,1
woh-woh-woh-woh,1
yg,1
waa,1
terminaux-terminé,1
lébara,1
fass,1
kiffais,1
peuclis,1
farhane,1
fiac,1
wall-street,1
téléporté,1
fouin,1
bobal,1
niquel,1
r'monte,1
papapa,1
pinkett,1
tap-tap,1
kil's,1
prignon,1
rapp'ler,1
boro,1
ctheure,1
vuole,1
qualidad-dad,1
rophares,1
cannettes,1
dégoute,1
panameras,1
'allo,1
ladif,1
fg,1
traîte,1
ri-ime,1
alicanté,1
kofi,1
rabat-bat-bat,1
en-dеssous,1
té-éss,1
gucciser,1
va-et-viens,1
phone-télé,1
imergidos,1
péraves,1
brazamizi,1
viano,1
dépos'rai,1
rdc,1
tabaski,1
starfoulilah,1
etant,1
rencoeur,1
cruciformes,1
nion,1
cri-ie,1
scar-las,1
doua'a,1
tanée,1
shayatins,1
vla,1
oh-oh-oh,1
démogorgon,1
mugen,1
influenceuse,1
parassita,1
ba-bang,1
habète,1
'courir',1
tinie,1
ventillo,1
couchals,1
jayyine,1
borsalino,1
card-woah,1
éceuils,1
mathusa,1
pi-picote,1
fauré,1
bandito,1
audermars,1
bolosses,1
acaba,1
tox's,1
play-backs,1
qujrefuse,1
pazalaza,1
gueuch,1
piné,1
casquetté,1
écœures,1
volare,1
yiii,1
gué-guerre,1
soco,1
néo-type,1
minte,1
baño,1
bombonnes,1
junto,1
tsaho,1
ladj,1
demar,1
ccor-d,1
fugees,1
tchiki-flow,1
pn,1
keba,1
zoogatammmmouaaaaaaah,1
fiacs,1
guten,1
assierai,1
oscuridad,1
jada,1
prest,1
dibi,1
yayo,1
pe-sna,1
akai,1
trivago,1
familliales,1
se'font,1
si-sidiko,1
aucunes,1
cómodo,1
crop-top,1
ré-soi,1
gal-sén,1
plеure,1
cogno,1
yoyos,1
g-love,1
r'baiser,1
raffy,1
bonillé,1
pétages,1
ients-ients,1
cqui,1
o'rosko,1
efforcerai,1
shouf,1
a-j'a,1
melis,1
ver-tra,1
ebelé,1
katsanday,1
an-ienc,1
mastaexplicit,1
nichan,1
kaïra,1
crouillle,1
flinguo,1
sé-cour,1
pe-fra,1
chicktaille,1
loux-ja,1
matrixés,1
counasse,1
sse-ca,1
pagny,1
dkr,1
vet-sur,1
guia,1
makhlouf,1
pochtons,1
b-boys,1
hauts-de-seizeines,1
stars',1
r'tiré,1
'rap,1
r'tourne,1
visio,1
io-cli,1
neuf-deux-izon,1
trovo,1
ille-cou,1
bambina,1
russkov,1
özil,1
lire-dé,1
al-fayed,1
oké,1
maëlé,1
cabaleira,1
w'allah,1
jeu-jeu,1
de-ble,1
oeurs,1
un'entrata,1
g-shock,1
kické,1
tchétchen,1
medelin,1
ratatam,1
ouais-ih,1
gromit,1
skeud,1
paris-l,1
beau-gosse,1
ille-dou,1
manif's,1
paquété,1
ilie,1
six-cordes,1
be-be-be-belleville,1
tipisla,1
bebé,1
fеmme,1
vroum-vroum-vroum-vroum,1
nassi,1
sseuses-cra,1
picolle,1
seu,1
r'f'ront,1
reubeus,1
lass-deg,1
cul-sec,1
bite'zère,1
ouis,1
aïyn,1
sistes-gro,1
huis-clos,1
g-star,1
h-h,1
zahas,1
mármores,1
brazzagang,1
mathy,1
supportrice,1
damidot,1
la'o,1
etosha,1
piwi,1
pélos,1
didentité,1
kivu,1
pinga,1
tuyo,1
collabs,1
bezef,1
chauconin,1
lеurs,1
iludi,1
yadfa,1
r'monter,1
yetlaâ,1
wallahy,1
partilha,1
jnouner,1
s-nes,1
diabaté,1
woh-oh,1
tsonga,1
cheio,1
locksés,1
boco,1
gethsémani,1
narvalos,1
dev'nus,1
tou-tou-tou-touah,1
lousdé,1
baygon,1
sucka,1
coutaient,1
sopra-zehef-laouni,1
uls-c,1
bukett,1
arreterais,1
sous-métiers,1
aarrhouu,1
magos,1
poukis,1
meeny,1
mdit,1
ex-femmes,1
détèr,1
anti-dopage,1
son-là,1
chauffeur-livreur,1
yeaaah,1
tièks,1
péta-asse,1
gavon,1
tractionne,1
affleck,1
rosh,1
r'grettera,1
esco,1
kaflo,1
atletico,1
qué-ni,1
schner,1
pié-pa,1
thе,1
perçerais,1
clipés,1
euro-pères,1
doy,1
case-nègre,1
dammi,1
feumeu,1
azule,1
vicks,1
malavita,1
dtf,1
pa-pata-ta-ta,1
estralei,1
reglements,1
movez,1
vamo,1
dynam,1
congél,1
ba-ase,1
sdah,1
quille-tran,1
aribeatz,1
fforts,1
zef,1
demandе,1
zon-mai,1
vres-pau,1
thceki,1
redétailler,1
gabanna,1
mu-muse,1
emboucannes,1
eastpack,1
vesti,1
meskine,1
calan,1
tes-por,1
hardos,1
_fresh,1
coups-bas,1
cass-dédi,1
nella,1
kickeur,1
brigante,1
makila,1
xsara,1
maillent,1
te-sui,1
pakave,1
vigipirate,1
vahid,1
qui-ah,1
essouflés,1
taubira,1
teisseire,1
fous-kicks,1
cla-asse,1
roque-que-quette,1
mothefuck,1
takima,1
stese,1
rakav,1
dique-sa,1
alonz,1
seca,1
skaodi,1
yassa,1
hnoucha,1
branl,1
auto-sucent,1
obispo,1
sbar,1
lorsqu'un,1
tié,1
plha,1
brolik,1
djampe,1
dombolo,1
pépére,1
minogue,1
rabta,1
démé-démago,1
traje,1
shabz,1
payet,1
daeshiser,1
naturе,1
ne-crâ,1
ennivre,1
tiwann,1
lady-boy,1
oukhty,1
iiih,1
sagir,1
shmites,1
r'tiens,1
sueño,1
cainri,1
lle-cou,1
che-che-che-check,1
yippy-ye,1
zak,1
méro,1
jack-sous,1
roddy,1
gato,1
ftor,1
ké-ni,1
ex-banquier,1
dente,1
lo-ove,1
hey-eh,1
abarths,1
hauts-d'seine,1
lachiez,1
rriver,1
ballanger,1
nikomouk,1
poundé,1
día,1
ffhor,1
aza,1
autome,1
vald,1
spitchs,1
ammazzo,1
décalle,1
ferragua,1
moaki,1
calogeroïsé,1
tipèr,1
mets-lui,1
jimi,1
sueños,1
thalassa,1
clashé,1
étеindre,1
p'tet,1
valigang,1
homme-bo,1
porte-couilles,1
r'comptant,1
natié,1
résoudrera,1
cordilheiras,1
hi-hier,1
bandanas,1
nahel,1
boum-boum,1
talis,1
dassin,1
villepin,1
eikichi,1
arriv'rais,1
whisky-coca,1
independanza,1
rrettes-ba,1
esguince,1
dou-ins,1
mi-païennes,1
manigence,1
harkos,1
mouhid,1
nace-me,1
yakuzas,1
viber,1
fleetzy,1
kitoko,1
ecarté,1
copines-pines-pines,1
hasra,1
gincana,1
bougz,1
dislikent,1
bassem,1
astérix,1
contre-sens,1
labello,1
maldito,1
tisses-mé,1
younis,1
enculais,1
emplié,1
zing-zing,1
dirna,1
chuki,1
fronssent,1
aniki,1
cher-'ra,1
batmobile,1
pidas,1
stargate,1
miffa,1
qué-qué-qué-quette,1
reloj,1
salside,1
tals-bain,1
juvisy,1
t-shmi,1
marrave,1
zermi,1
ngai,1
tekashi,1
'pop,1
dissoudent,1
vem,1
ulla,1
r'tire,1
ockrent,1
commico,1
tiépis,1
mirko,1
che-cher,1
vivrе,1
jamy,1
té-sey,1
cheiro,1
náufragos,1
re-peser,1
fami-ille,1
ûdu,1
wilow,1
tschüß,1
boka,1
deteni'o,1
lamborghinis,1
parresse,1
nasri,1
zon,1
fetty,1
relación,1
fogg,1
journeaux,1
chécker,1
djoba,1
affi-iche,1
yaâmlou,1
mustahil,1
beau-beau,1
scalape,1
haggars,1
lle-da,1
naitre,1
fabolous,1
chhh,1
doro,1
bi-binks,1
cе,1
ron-da,1
ances,1
biturbo,1
enn,1
reli-ionge,1
k-bis,1
casaoui,1
korozi,1
k-k-kamelancien,1
amoncèlent,1
lebledi,1
movedizas,1
reu-seu,1
b-ben,1
rеnard,1
benza,1
kimpembe,1
tutututututu,1
shakira,1
to-tovaritch,1
ojos,1
bou-bou-boum,1
yeezy,1
une-deux,1
vasi,1
te-bi,1
douh,1
lehsa,1
nogent,1
cresceram,1
mystikamenté,1
gradur,1
gueushs,1
kärcher,1
corléone,1
tchoup,1
árvores,1
kedal,1
reichmann,1
dpiece,1
tchatchent,1
ah-ah,1
pani,1
tzreub,1
ré-apparaîtront,1
re-décolle,1
khôs,1
crique-crique,1
abdelhamid,1
tikaf,1
bipers,1
anlè,1
cayendo,1
maricon,1
pochetons,1
candeloro,1
block-euh,1
tatoo,1
noailles,1
lé-rou,1
dorso-lombaires,1
daz,1
'j'veux,1
deales,1
ffrer-co,1
ne-grai,1
lkpdd,1
trainé,1
djà,1
graillle,1
r-noi,1
hauts-d,1
toer,1
r'partir,1
poesia,1
fz,1
_l'esprit,1
zoladinho,1
rafton,1
dickies,1
falo,1
_regarde,1
lalalère,1
ptits,1
cagoulent,1
arbouches,1
assistir,1
marsou,1
crêche,1
pepettes,1
briefé,1
légende-gende-gende,1
u-r,1
youn,1
monégasques,1
sabrite,1
pizdets,1
o²,1
asloum,1
nottes,1
fourée,1
khadem,1
veinеs,1
djeffi,1
seino-marine,1
dorienavant,1
mi-super,1
chais-cher,1
pl'hayce,1
tte-gou,1
lasirans,1
khanzette,1
paris-dakar,1
еs,1
stach-mou,1
shités,1
deuss-deuss,1
pe-cho,1
mi-f,1
show-bi-iz,1
cartouché,1
kryptonite,1
saint-etienne,1
jouеr,1
badaboom,1
unfazzed,1
phocée,1
seresta,1
personale,1
p'tain,1
viiiit,1
sonrisa,1
dutron,1
bandeurs,1
sècher,1
bagguy,1
geuch,1
élévé,1
quequette,1
tar-pé,1
cke-schnè,1
flokos,1
revance,1
cha-arles,1
bokwala,1
recelleurs,1
sseu-fe,1
évry-courcouronnes,1
ding-ding,1
dahoni,1
abder'aman,1
brav,1
toubabs,1
narco-trafic,1
clasherai,1
swija,1
heusslaga,1
pum-pum,1
bi-bi-biatch,1
svt,1
chéka,1
hot-wings,1
dekhel,1
soulakré,1
padig,1
ti-tire,1
malacita,1
tico,1
tou-bab,1
_pas,1
nananère,1
bandite,1
crims,1
heychargeur,1
mèrе,1
fonky-tacchinni,1
wuh,1
guerrе,1
aires-ffa,1
fimé,1
omouk,1
fenómeno,1
tchoup-le,1
ille-ta,1
travelot,1
passe-crème,1
ssier-do,1
dhr,1
rabzas,1
sperment,1
home-studio,1
blondy,1
sappes,1
taffais,1
bree-bree,1
floco,1
salamèches,1
coktail,1
raja-widad,1
pa'lante,1
tuo,1
khwati,1
cé-cé,1
thawa,1
tеs,1
mms,1
khadafi,1
arnaqueurs,1
chahed,1
bimboule,1
créve,1
front-kicks,1
sencey,1
quer-bra,1
v-rally,1
arter,1
che-bran,1
vait,1
varenne,1
caces,1
rre-ba,1
croyent,1
yenkli,1
landeau,1
khalasse,1
piou-piou-piou-piou-piou,1
tracе,1
escampеtte,1
awmé,1
vicère,1
enlassé,1
rassa,1
classе,1
nowmal,1
